-- phpMyAdmin SQL Dump
-- version 5.1.0
-- https://www.phpmyadmin.net/
--
-- Host: 127.0.0.1
-- Tempo de geração: 17-Maio-2022 às 20:53
-- Versão do servidor: 10.4.18-MariaDB
-- versão do PHP: 7.3.28

SET SQL_MODE = "NO_AUTO_VALUE_ON_ZERO";
START TRANSACTION;
SET time_zone = "+00:00";


/*!40101 SET @OLD_CHARACTER_SET_CLIENT=@@CHARACTER_SET_CLIENT */;
/*!40101 SET @OLD_CHARACTER_SET_RESULTS=@@CHARACTER_SET_RESULTS */;
/*!40101 SET @OLD_COLLATION_CONNECTION=@@COLLATION_CONNECTION */;
/*!40101 SET NAMES utf8mb4 */;

--
-- Banco de dados: `db_definitivo4`
--

-- --------------------------------------------------------

--
-- Estrutura da tabela `acessos`
--

CREATE TABLE `acessos` (
  `id` int(11) NOT NULL,
  `nivel` varchar(45) DEFAULT NULL
) ENGINE=InnoDB DEFAULT CHARSET=utf8mb4;

--
-- Extraindo dados da tabela `acessos`
--

INSERT INTO `acessos` (`id`, `nivel`) VALUES
(1, 'admin'),
(2, 'Assitente'),
(3, 'Coordenador'),
(4, 'Auxiliar');

-- --------------------------------------------------------

--
-- Estrutura da tabela `backlog`
--

CREATE TABLE `backlog` (
  `id` int(11) NOT NULL,
  `data` datetime DEFAULT current_timestamp(),
  `qtd` int(11) DEFAULT NULL,
  `status` int(11) DEFAULT NULL,
  `entregadores_id` int(11) NOT NULL,
  `ocorrencias_id` int(11) NOT NULL,
  `tipo_id` int(11) NOT NULL,
  `producao_id` int(11) NOT NULL
) ENGINE=InnoDB DEFAULT CHARSET=utf8mb4;

-- --------------------------------------------------------

--
-- Estrutura da tabela `cargos`
--

CREATE TABLE `cargos` (
  `id` int(11) NOT NULL,
  `nome` varchar(45) DEFAULT NULL
) ENGINE=InnoDB DEFAULT CHARSET=utf8mb4;

--
-- Extraindo dados da tabela `cargos`
--

INSERT INTO `cargos` (`id`, `nome`) VALUES
(1, 'Asssistente de Logística'),
(2, 'Coordenadora de Logística'),
(3, 'Asssistente de Logística'),
(4, 'Supervisor de Operações Logísticas Interior'),
(5, 'Encarregada de Expedição'),
(6, 'Assistente da qualidade'),
(7, 'Auxiliar de Logística'),
(8, 'Diretora'),
(9, 'Assistente Financeiro'),
(10, 'Coordenadora de RH');

-- --------------------------------------------------------

--
-- Estrutura da tabela `clientes`
--

CREATE TABLE `clientes` (
  `id` int(11) NOT NULL,
  `nome` varchar(100) DEFAULT NULL,
  `data` timestamp NULL DEFAULT current_timestamp(),
  `telefone` varchar(45) DEFAULT NULL,
  `email` varchar(45) DEFAULT NULL,
  `cnpj` varchar(45) DEFAULT NULL,
  `foto` varchar(45) DEFAULT NULL,
  `usuarios_id` int(11) NOT NULL,
  `setores_id` int(11) NOT NULL
) ENGINE=InnoDB DEFAULT CHARSET=utf8mb4;

--
-- Extraindo dados da tabela `clientes`
--

INSERT INTO `clientes` (`id`, `nome`, `data`, `telefone`, `email`, `cnpj`, `foto`, `usuarios_id`, `setores_id`) VALUES
(7, 'HAPVIDA', '2021-07-03 00:04:14', NULL, NULL, NULL, NULL, 7, 3),
(8, 'GFL', '2021-07-05 19:01:25', NULL, NULL, NULL, NULL, 7, 1),
(9, 'DBA', '2021-07-05 19:25:30', NULL, NULL, NULL, NULL, 7, 1),
(10, 'NT LOG', '2021-07-05 19:35:18', NULL, NULL, NULL, NULL, 7, 1),
(14, 'FLASH', '2022-04-20 17:37:34', NULL, NULL, NULL, NULL, 4, 3),
(15, 'VITALMED', '2022-04-20 17:38:00', NULL, NULL, NULL, NULL, 4, 3),
(16, 'ACM', '2022-04-20 17:38:13', NULL, NULL, NULL, NULL, 4, 3),
(17, 'UNIMED', '2022-04-20 17:38:26', NULL, NULL, NULL, NULL, 4, 3),
(18, 'HUMANA', '2022-04-20 17:38:40', NULL, NULL, NULL, NULL, 4, 3),
(19, 'ODORATA', '2022-04-20 17:38:54', NULL, NULL, NULL, NULL, 4, 3),
(20, 'ACOMAC', '2022-04-20 17:39:09', NULL, NULL, NULL, NULL, 4, 3),
(21, 'SINTEMA', '2022-04-20 17:39:21', NULL, NULL, NULL, NULL, 4, 3),
(22, 'MARY KAY', '2022-04-20 17:39:40', NULL, NULL, NULL, NULL, 4, 3),
(23, 'UNIHOSP', '2022-05-04 14:51:29', NULL, NULL, NULL, NULL, 4, 3);

-- --------------------------------------------------------

--
-- Estrutura da tabela `devolucao`
--

CREATE TABLE `devolucao` (
  `id` int(11) NOT NULL,
  `data` timestamp NULL DEFAULT NULL,
  `qtd` int(11) DEFAULT NULL,
  `entregadores_id` int(11) NOT NULL,
  `producao_id` int(11) NOT NULL,
  `ocorrencias_id` int(11) NOT NULL
) ENGINE=InnoDB DEFAULT CHARSET=utf8mb4;

--
-- Extraindo dados da tabela `devolucao`
--

INSERT INTO `devolucao` (`id`, `data`, `qtd`, `entregadores_id`, `producao_id`, `ocorrencias_id`) VALUES
(191, '2022-01-29 03:00:46', 1, 73, 214, 6),
(192, '2022-01-13 16:15:51', 1, 96, 247, 6),
(193, '2022-01-26 16:25:07', 3, 96, 248, 1),
(194, '2022-01-27 16:47:08', 2, 96, 250, 6),
(206, '2022-05-05 12:52:45', 1, 83, 939, 1),
(209, '2022-05-07 13:25:00', 10, 78, 941, 6),
(210, '2022-05-14 12:50:02', 2, 97, 967, 1);

-- --------------------------------------------------------

--
-- Estrutura da tabela `entrega`
--

CREATE TABLE `entrega` (
  `id` int(11) NOT NULL,
  `data` date DEFAULT NULL,
  `qtd` varchar(45) DEFAULT NULL,
  `producao_id` int(11) NOT NULL,
  `entregadores_id` int(11) NOT NULL
) ENGINE=InnoDB DEFAULT CHARSET=utf8mb4;

--
-- Extraindo dados da tabela `entrega`
--

INSERT INTO `entrega` (`id`, `data`, `qtd`, `producao_id`, `entregadores_id`) VALUES
(246, '2022-02-24', '50', 211, 73),
(247, '2022-02-24', '50', 212, 73),
(248, '2022-01-29', '11', 213, 73),
(249, '2022-01-29', '11', 214, 73),
(250, '2022-01-31', '2', 219, 73),
(251, '2022-01-28', '36', 218, 73),
(252, '2022-01-26', '2', 217, 73),
(253, '2022-01-25', '4', 216, 73),
(254, '2022-01-24', '21', 215, 73),
(255, '2022-01-18', '1', 210, 73),
(256, '2022-01-08', '1', 209, 73),
(257, '2022-01-07', '33', 208, 73),
(258, '2022-01-05', '1', 207, 73),
(259, '2022-01-17', '4', 206, 73),
(260, '2022-01-31', '1', 205, 73),
(261, '2022-01-29', '1', 204, 73),
(262, '2022-01-28', '6', 203, 73),
(263, '2022-01-25', '1', 202, 73),
(264, '2022-01-24', '2', 201, 73),
(265, '2022-01-19', '6', 200, 73),
(266, '2022-01-18', '1', 199, 73),
(267, '2022-01-15', '5', 198, 73),
(268, '2022-01-11', '11', 197, 73),
(269, '2022-01-10', '4', 196, 73),
(270, '2022-01-09', '1', 195, 73),
(271, '2022-01-05', '2', 194, 73),
(272, '2022-01-04', '10', 193, 73),
(273, '2022-01-31', '53', 192, 73),
(274, '2022-01-29', '1', 191, 73),
(275, '2022-01-27', '60', 190, 73),
(276, '2022-01-26', '22', 189, 73),
(277, '2022-01-25', '31', 188, 73),
(278, '2022-01-24', '5', 187, 73),
(279, '2022-01-23', '25', 186, 73),
(280, '2022-02-24', '1', 220, 77),
(281, '2022-02-24', '10', 221, 77),
(282, '2022-01-22', '10', 185, 73),
(283, '2022-01-21', '15', 184, 73),
(284, '2022-01-20', '38', 183, 73),
(285, '2022-01-21', '27', 182, 73),
(286, '2022-01-18', '31', 181, 73),
(287, '2022-01-17', '9', 180, 73),
(288, '2022-01-16', '18', 179, 73),
(289, '2022-01-15', '10', 178, 73),
(290, '2022-01-14', '32', 177, 73),
(291, '2022-01-13', '14', 176, 73),
(292, '2022-01-12', '14', 175, 73),
(293, '2022-01-13', '19', 174, 73),
(294, '2022-01-10', '16', 173, 73),
(295, '2022-01-09', '9', 172, 73),
(296, '2022-01-08', '21', 171, 73),
(297, '2022-01-07', '15', 170, 73),
(298, '2022-01-06', '34', 169, 73),
(299, '2022-01-05', '2', 168, 73),
(300, '2022-01-04', '19', 167, 73),
(301, '2022-01-24', '1', 222, 96),
(302, '2022-01-25', '34', 223, 96),
(303, '2022-01-26', '19', 224, 96),
(304, '2022-01-27', '20', 225, 96),
(305, '2022-01-28', '2', 226, 96),
(306, '2022-01-29', '11', 227, 96),
(307, '2022-01-31', '14', 228, 96),
(308, '2022-01-05', '8', 229, 96),
(309, '2022-01-06', '3', 230, 96),
(310, '2022-01-13', '7', 231, 96),
(311, '2022-01-24', '3', 232, 96),
(312, '2022-01-25', '15', 233, 96),
(313, '2022-01-26', '6', 234, 96),
(314, '2022-01-27', '4', 235, 96),
(315, '2022-01-31', '6', 236, 96),
(316, '2022-01-05', '7', 237, 96),
(317, '2022-01-07', '7', 238, 96),
(318, '2022-01-08', '11', 239, 96),
(319, '2022-01-08', '20', 240, 96),
(320, '2022-01-11', '20', 241, 96),
(321, '2022-01-12', '3', 242, 96),
(322, '2022-01-13', '1', 243, 96),
(323, '2022-01-26', '3', 244, 96),
(324, '2022-01-24', '13', 245, 96),
(325, '2022-01-25', '15', 246, 96),
(326, '2022-01-26', '15', 249, 96),
(327, '2022-01-27', '10', 250, 96),
(328, '2022-01-28', '1', 251, 96),
(329, '2022-01-03', '10', 252, 97),
(330, '2022-01-04', '14', 253, 97),
(331, '2022-01-05', '8', 254, 97),
(332, '2022-01-06', '12', 255, 97),
(333, '2022-01-07', '17', 256, 97),
(334, '2022-01-08', '3', 257, 97),
(335, '2022-01-10', '4', 258, 97),
(336, '2022-01-11', '20', 259, 97),
(337, '2022-01-12', '5', 260, 97),
(338, '2022-01-13', '5', 261, 97),
(339, '2022-01-15', '15', 262, 97),
(340, '2022-01-17', '13', 263, 97),
(341, '2022-01-18', '19', 264, 97),
(342, '2022-01-19', '13', 265, 97),
(343, '2022-01-19', '19', 266, 97),
(344, '2022-01-21', '21', 267, 97),
(345, '2022-01-24', '3', 268, 97),
(346, '2022-01-25', '16', 269, 97),
(347, '2022-01-26', '9', 270, 97),
(348, '2022-01-27', '18', 271, 97),
(349, '2022-01-28', '21', 272, 97),
(350, '2022-01-29', '6', 273, 97),
(351, '2022-01-31', '21', 274, 97),
(352, '2022-01-04', '2', 275, 97),
(353, '2022-01-06', '3', 276, 97),
(354, '2022-01-07', '3', 277, 97),
(355, '2022-01-11', '5', 278, 97),
(356, '2022-01-18', '1', 279, 97),
(357, '2022-01-20', '3', 280, 97),
(358, '2022-01-21', '2', 281, 97),
(359, '2022-01-24', '2', 282, 97),
(360, '2022-01-25', '3', 283, 97),
(361, '2022-01-28', '1', 284, 97),
(362, '2022-01-29', '1', 285, 97),
(363, '2022-01-31', '4', 286, 97),
(364, '2022-01-05', '1', 287, 97),
(365, '2022-01-06', '2', 288, 97),
(366, '2022-01-07', '6', 289, 97),
(367, '2022-01-08', '1', 290, 97),
(368, '2022-01-11', '2', 291, 97),
(369, '2022-01-12', '4', 292, 97),
(370, '2022-01-19', '2', 293, 97),
(371, '2022-01-18', '5', 294, 97),
(372, '2022-01-19', '3', 295, 97),
(373, '2022-01-03', '3', 296, 98),
(374, '2022-01-04', '24', 297, 98),
(375, '2022-01-05', '15', 298, 98),
(376, '2022-01-06', '7', 299, 98),
(377, '2022-01-07', '12', 300, 98),
(378, '2022-01-08', '12', 301, 98),
(379, '2022-01-09', '3', 302, 98),
(380, '2022-01-11', '23', 303, 98),
(381, '2022-01-12', '8', 304, 98),
(382, '2022-01-13', '7', 305, 98),
(383, '2022-01-14', '15', 306, 98),
(384, '2022-01-17', '13', 307, 98),
(385, '2022-01-18', '13', 308, 98),
(386, '2022-01-19', '5', 309, 98),
(387, '2022-01-19', '5', 309, 98),
(388, '2022-01-19', '5', 309, 98),
(389, '2022-01-19', '5', 310, 98),
(390, '2022-01-20', '13', 311, 98),
(391, '2022-01-21', '37', 312, 98),
(392, '2022-01-24', '29', 313, 98),
(393, '2022-01-25', '7', 314, 98),
(394, '2022-01-26', '2', 315, 98),
(395, '2022-01-27', '21', 316, 98),
(396, '2022-01-28', '19', 317, 98),
(397, '2022-01-29', '1', 318, 98),
(398, '2022-01-30', '14', 319, 98),
(399, '2022-01-31', '8', 320, 98),
(400, '2022-01-03', '16', 321, 99),
(401, '2022-01-04', '3', 322, 99),
(402, '2022-01-06', '16', 323, 99),
(403, '2022-01-07', '16', 324, 99),
(404, '2022-01-08', '14', 325, 99),
(405, '2022-01-10', '14', 326, 99),
(406, '2022-01-11', '6', 327, 99),
(407, '2022-01-12', '10', 328, 99),
(408, '2022-01-13', '29', 329, 99),
(409, '2022-01-14', '13', 330, 99),
(410, '2022-01-15', '15', 331, 99),
(411, '2022-01-17', '5', 332, 99),
(412, '2022-01-18', '22', 333, 99),
(413, '2022-01-19', '23', 334, 99),
(414, '2022-01-20', '41', 335, 99),
(415, '2022-01-22', '24', 337, 99),
(416, '2022-01-21', '4', 336, 99),
(417, '2022-01-24', '19', 338, 99),
(418, '2022-01-25', '27', 339, 99),
(419, '2022-01-26', '36', 340, 99),
(420, '2022-01-27', '12', 341, 99),
(421, '2022-01-28', '11', 342, 99),
(422, '2022-01-29', '25', 343, 99),
(423, '2022-01-31', '26', 344, 99),
(424, '2022-01-20', '5', 345, 97),
(425, '2022-01-21', '1', 346, 97),
(426, '2022-01-24', '2', 347, 97),
(427, '2022-01-26', '5', 348, 97),
(428, '2022-01-27', '8', 349, 78),
(429, '2022-01-28', '8', 350, 97),
(430, '2022-01-29', '2', 351, 97),
(431, '2022-01-31', '12', 352, 97),
(432, '2022-01-27', '8', 353, 97),
(433, '2022-01-20', '19', 354, 97),
(434, '2022-01-03', '2', 355, 98),
(435, '2022-01-03', '15', 356, 98),
(436, '2022-01-06', '2', 357, 98),
(437, '2022-01-10', '7', 358, 98),
(438, '2022-01-17', '3', 359, 98),
(439, '2022-01-19', '12', 360, 98),
(440, '2022-01-24', '15', 361, 98),
(441, '2022-01-26', '3', 362, 98),
(442, '2022-01-28', '4', 363, 98),
(443, '2022-01-31', '18', 364, 98),
(444, '2022-01-03', '1', 365, 98),
(445, '2022-01-05', '2', 366, 98),
(446, '2022-01-06', '17', 367, 98),
(447, '2022-01-07', '5', 368, 98),
(448, '2022-01-10', '22', 369, 98),
(449, '2022-01-14', '1', 370, 98),
(450, '2022-01-17', '16', 371, 98),
(451, '2022-01-19', '1', 372, 98),
(452, '2022-01-24', '33', 373, 98),
(453, '2022-01-26', '13', 374, 98),
(454, '2022-01-28', '6', 375, 98),
(455, '2022-01-31', '7', 376, 98),
(456, '2022-01-02', '11', 377, 106),
(457, '2022-01-04', '16', 378, 99),
(458, '2022-01-03', '1', 379, 106),
(459, '2022-01-07', '1', 380, 99),
(460, '2022-01-04', '6', 381, 106),
(461, '2022-01-10', '13', 382, 99),
(462, '2022-01-10', '1', 383, 106),
(463, '2022-01-11', '2', 384, 99),
(464, '2022-01-12', '2', 386, 99),
(465, '2022-01-02', '7', 385, 106),
(466, '2022-01-02', '2', 388, 106),
(467, '2022-01-15', '3', 387, 99),
(468, '2022-01-03', '1', 389, 106),
(469, '2022-01-04', '4', 390, 106),
(470, '2022-01-17', '1', 391, 99),
(471, '2022-01-18', '5', 392, 106),
(472, '2022-01-18', '14', 393, 99),
(473, '2022-01-06', '1', 394, 106),
(474, '2022-01-11', '1', 395, 106),
(475, '2022-01-20', '1', 396, 99),
(476, '2022-01-18', '21', 397, 78),
(477, '2022-01-20', '1', 398, 78),
(478, '2022-01-22', '33', 399, 78),
(479, '2022-01-24', '1', 400, 78),
(480, '2022-01-26', '23', 401, 78),
(481, '2022-01-31', '1', 402, 78),
(482, '2022-01-06', '33', 403, 78),
(483, '2022-01-07', '1', 404, 78),
(484, '2022-01-10', '28', 405, 78),
(485, '2022-01-03', '25', 406, 78),
(486, '2022-01-04', '11', 407, 78),
(487, '2022-01-05', '10', 408, 78),
(488, '2022-01-06', '15', 409, 78),
(489, '2022-01-07', '33', 410, 78),
(490, '2022-01-09', '17', 411, 78),
(491, '2022-01-11', '76', 412, 78),
(492, '2022-01-12', '19', 413, 78),
(493, '2022-01-13', '5', 414, 78),
(494, '2022-01-14', '8', 415, 78),
(495, '2022-01-15', '12', 416, 78),
(496, '2022-01-17', '56', 417, 78),
(497, '2022-01-18', '28', 418, 78),
(498, '2022-01-19', '48', 419, 78),
(499, '2022-01-20', '29', 420, 78),
(500, '2022-01-21', '91', 421, 78),
(501, '2022-01-24', '56', 422, 78),
(502, '2022-01-25', '62', 423, 78),
(503, '2022-01-26', '35', 424, 78),
(504, '2022-01-27', '37', 425, 78),
(505, '2022-01-28', '56', 426, 78),
(506, '2022-01-29', '1', 427, 78),
(507, '2022-01-31', '72', 428, 78),
(508, '2022-01-04', '14', 429, 78),
(509, '2022-01-10', '28', 430, 78),
(510, '2022-01-13', '2', 431, 78),
(511, '2022-01-18', '10', 432, 78),
(512, '2022-01-20', '2', 433, 78),
(513, '2022-01-22', '16', 434, 78),
(514, '2022-01-25', '2', 435, 78),
(515, '2022-01-29', '4', 437, 78),
(516, '2022-01-26', '5', 436, 78),
(517, '2022-01-03', '19', 438, 101),
(518, '2022-01-05', '1', 439, 101),
(519, '2022-01-06', '20', 440, 101),
(520, '2022-01-07', '10', 441, 101),
(521, '2022-01-10', '19', 442, 101),
(522, '2022-01-11', '1', 443, 101),
(523, '2022-01-12', '8', 444, 101),
(524, '2022-01-13', '13', 445, 101),
(525, '2022-01-14', '10', 446, 101),
(526, '2022-01-17', '15', 447, 101),
(527, '2022-01-17', '1', 447, 101),
(528, '2022-03-18', '17', 449, 101),
(529, '2022-01-20', '24', 450, 101),
(530, '2022-01-21', '1', 451, 101),
(531, '2022-01-24', '40', 452, 101),
(532, '2022-01-25', '17', 453, 101),
(533, '2022-01-26', '34', 454, 101),
(534, '2022-01-31', '37', 455, 101),
(535, '2022-01-04', '9', 456, 101),
(536, '2022-01-06', '2', 457, 101),
(537, '2022-01-07', '3', 458, 101),
(538, '2022-01-10', '7', 459, 101),
(539, '2022-01-11', '8', 460, 101),
(540, '2022-01-12', '2', 461, 101),
(541, '2022-01-13', '1', 462, 101),
(542, '2022-01-17', '4', 463, 101),
(543, '2022-01-18', '9', 464, 101),
(544, '2022-01-21', '3', 465, 101),
(545, '2022-01-24', '14', 466, 101),
(546, '2022-01-25', '5', 467, 101),
(547, '2022-01-21', '3', 468, 101),
(548, '2022-01-26', '3', 469, 101),
(549, '2022-01-27', '2', 470, 101),
(550, '2022-01-28', '1', 471, 101),
(551, '2022-01-21', '3', 473, 99),
(552, '2022-01-31', '1', 472, 101),
(553, '2022-01-22', '5', 474, 99),
(554, '2022-01-24', '7', 475, 99),
(555, '2022-01-27', '2', 476, 99),
(556, '2022-01-28', '6', 477, 99),
(557, '2022-01-03', '1', 478, 101),
(558, '2022-01-03', '1', 478, 101),
(559, '2022-01-03', '1', 479, 101),
(560, '2022-01-05', '49', 480, 101),
(561, '2022-01-06', '3', 481, 101),
(562, '2022-01-07', '1', 482, 101),
(563, '2022-01-31', '1', 483, 99),
(564, '2022-01-10', '30', 484, 101),
(565, '2022-01-11', '2', 485, 101),
(566, '2022-01-17', '21', 486, 101),
(567, '2022-01-03', '1', 487, 99),
(568, '2022-01-05', '15', 488, 99),
(569, '2022-01-24', '51', 489, 101),
(570, '2022-01-24', '34', 490, 101),
(571, '2022-01-27', '2', 491, 101),
(572, '2022-01-03', '29', 492, 80),
(573, '2022-01-07', '3', 493, 99),
(574, '2022-01-10', '13', 494, 99),
(575, '2022-01-11', '7', 495, 99),
(576, '2022-01-18', '17', 496, 101),
(577, '2022-01-03', '29', 497, 80),
(578, '2022-01-04', '1', 498, 80),
(579, '2022-01-05', '1', 499, 80),
(580, '2022-01-06', '16', 500, 80),
(581, '2022-01-07', '22', 501, 80),
(582, '2022-01-08', '1', 502, 80),
(583, '2022-01-10', '19', 503, 80),
(584, '2022-01-11', '2', 504, 80),
(585, '2022-01-12', '8', 505, 80),
(586, '2022-01-13', '17', 506, 80),
(587, '2022-01-14', '10', 507, 80),
(588, '2022-01-17', '26', 508, 80),
(589, '2022-01-18', '20', 509, 80),
(590, '2022-01-20', '23', 510, 80),
(591, '2022-01-21', '2', 511, 80),
(592, '2022-01-24', '28', 512, 80),
(593, '2022-01-25', '34', 513, 80),
(594, '2022-01-26', '26', 514, 80),
(595, '2022-01-27', '4', 515, 80),
(596, '2022-01-28', '7', 516, 80),
(597, '2022-01-31', '27', 517, 80),
(598, '2022-01-04', '14', 518, 80),
(599, '2022-01-07', '3', 519, 80),
(600, '2022-01-10', '9', 520, 80),
(601, '2022-01-11', '9', 521, 80),
(602, '2022-01-12', '5', 522, 80),
(603, '2022-01-19', '13', 523, 80),
(604, '2022-01-20', '3', 524, 80),
(605, '2022-01-22', '1', 525, 80),
(606, '2022-01-24', '8', 526, 80),
(607, '2022-01-27', '8', 527, 80),
(608, '2022-01-28', '4', 528, 80),
(609, '2022-01-31', '1', 529, 80),
(610, '2022-01-03', '4', 530, 103),
(611, '2022-01-04', '25', 531, 103),
(612, '2022-01-05', '1', 532, 103),
(613, '2022-01-06', '29', 533, 103),
(614, '2022-01-07', '37', 534, 103),
(615, '2022-01-08', '1', 535, 103),
(616, '2022-01-10', '35', 536, 103),
(617, '2022-01-11', '26', 537, 103),
(618, '2022-01-12', '24', 538, 103),
(619, '2022-01-13', '23', 539, 103),
(620, '2022-01-14', '25', 540, 103),
(621, '2022-01-15', '26', 541, 103),
(622, '2022-01-17', '28', 542, 103),
(623, '2022-01-18', '56', 543, 103),
(624, '2022-01-19', '2', 544, 103),
(625, '2022-01-20', '62', 545, 103),
(626, '2022-01-21', '17', 546, 103),
(627, '2022-01-24', '65', 547, 103),
(628, '2022-01-25', '10', 548, 103),
(629, '2022-01-26', '108', 549, 103),
(630, '2022-01-27', '7', 550, 103),
(631, '2022-01-28', '4', 551, 103),
(632, '2022-01-29', '33', 552, 103),
(633, '2022-01-31', '49', 553, 103),
(634, '2022-01-04', '25', 554, 103),
(635, '2022-01-07', '6', 555, 103),
(636, '2022-01-11', '39', 556, 103),
(637, '2022-01-12', '18', 557, 103),
(638, '2022-01-13', '1', 558, 103),
(639, '2022-01-18', '33', 559, 103),
(640, '2022-01-24', '38', 560, 103),
(641, '2022-01-25', '12', 561, 103),
(642, '2022-01-26', '40', 562, 103),
(643, '2022-01-27', '12', 563, 103),
(644, '2022-01-31', '59', 564, 103),
(645, '2022-01-17', '17', 565, 99),
(646, '2022-01-20', '1', 566, 99),
(647, '2022-01-24', '20', 567, 99),
(648, '2022-01-27', '32', 568, 99),
(649, '2022-01-31', '5', 569, 99),
(650, '2022-01-07', '75', 570, 103),
(651, '2022-01-10', '5', 571, 103),
(652, '2022-01-11', '57', 572, 103),
(653, '2022-01-13', '1', 573, 103),
(654, '2022-01-18', '30', 574, 103),
(655, '2022-01-19', '6', 575, 103),
(656, '2022-01-25', '156', 576, 103),
(657, '2022-01-26', '11', 577, 103),
(658, '2022-01-25', '156', 579, 103),
(659, '2022-01-26', '11', 580, 103),
(660, '2022-01-29', '12', 581, 103),
(661, '2022-01-31', '2', 582, 103),
(662, '2022-01-03', '79', 583, 83),
(663, '2022-01-04', '40', 584, 83),
(664, '2022-01-05', '5', 585, 83),
(665, '2022-01-07', '83', 586, 83),
(666, '2022-01-08', '14', 587, 83),
(667, '2022-01-10', '57', 588, 83),
(668, '2022-01-11', '19', 589, 83),
(669, '2022-01-12', '74', 590, 83),
(670, '2022-01-13', '41', 591, 83),
(671, '2022-01-14', '39', 592, 83),
(672, '2022-01-15', '21', 593, 83),
(673, '2022-01-17', '44', 594, 83),
(674, '2022-01-18', '35', 595, 83),
(675, '2022-01-19', '57', 596, 83),
(676, '2022-01-20', '9', 597, 83),
(677, '2022-01-21', '118', 598, 83),
(678, '2022-01-04', '9', 599, 102),
(679, '2022-01-24', '85', 601, 83),
(680, '2022-01-25', '51', 602, 83),
(681, '2022-01-26', '35', 603, 83),
(682, '2022-01-05', '1', 606, 102),
(683, '2022-01-27', '56', 607, 83),
(684, '2022-01-28', '23', 608, 83),
(685, '2022-01-29', '10', 609, 83),
(686, '2022-01-31', '64', 610, 83),
(687, '2022-01-05', '17', 611, 83),
(688, '2022-01-10', '5', 612, 102),
(689, '2022-01-06', '15', 613, 83),
(690, '2022-01-10', '33', 614, 83),
(691, '2022-01-11', '21', 615, 83),
(692, '2022-01-11', '4', 616, 102),
(693, '2022-01-12', '26', 617, 83),
(694, '2022-01-13', '2', 618, 83),
(695, '2022-01-12', '2', 619, 102),
(696, '2022-01-11', '4', 620, 102),
(697, '2022-01-18', '14', 621, 102),
(698, '2022-01-21', '7', 622, 102),
(699, '2022-01-24', '5', 623, 102),
(700, '2022-01-21', '7', 624, 102),
(701, '2022-01-25', '3', 625, 102),
(702, '2022-01-28', '2', 626, 102),
(703, '2022-01-04', '20', 627, 102),
(704, '2022-01-18', '11', 628, 83),
(705, '2022-01-19', '42', 629, 83),
(706, '2022-01-24', '55', 630, 83),
(707, '2022-01-25', '3', 631, 83),
(708, '2022-01-05', '3', 632, 102),
(709, '2022-01-26', '9', 633, 83),
(710, '2022-01-27', '17', 634, 83),
(711, '2022-01-28', '18', 635, 83),
(712, '2022-01-29', '8', 637, 83),
(713, '2022-01-06', '1', 636, 102),
(714, '2022-01-07', '22', 638, 102),
(715, '2022-01-03', '8', 639, 83),
(716, '2022-01-04', '4', 640, 83),
(717, '2022-01-06', '83', 641, 83),
(718, '2022-01-08', '16', 642, 83),
(719, '2022-01-10', '1', 643, 83),
(720, '2022-01-11', '22', 644, 83),
(721, '2022-01-12', '7', 645, 83),
(722, '2022-01-13', '1', 646, 83),
(723, '2022-01-19', '29', 647, 83),
(724, '2022-01-18', '18', 648, 83),
(725, '2022-01-19', '32', 649, 83),
(726, '2022-01-22', '8', 650, 83),
(727, '2022-03-24', '71', 651, 83),
(728, '2022-01-25', '5', 652, 83),
(729, '2022-01-27', '58', 653, 83),
(730, '2022-01-31', '5', 654, 83),
(731, '2022-01-08', '1', 655, 102),
(732, '2022-01-10', '1', 656, 102),
(733, '2022-01-11', '16', 657, 102),
(734, '2022-01-17', '11', 658, 102),
(735, '2022-01-18', '1', 659, 102),
(736, '2022-01-28', '1', 660, 102),
(737, '2022-01-03', '1', 661, 87),
(738, '2022-01-04', '16', 662, 87),
(739, '2022-01-07', '7', 663, 87),
(740, '2022-01-11', '18', 664, 87),
(741, '2022-01-12', '7', 665, 87),
(742, '2022-01-13', '5', 666, 87),
(743, '2022-01-14', '9', 667, 87),
(744, '2022-01-10', '8', 668, 87),
(745, '2022-01-11', '6', 669, 87),
(746, '2022-01-12', '5', 670, 87),
(747, '2022-01-14', '7', 671, 87),
(748, '2022-01-05', '2', 672, 87),
(749, '2022-01-06', '16', 673, 87),
(750, '2022-01-10', '16', 674, 87),
(751, '2022-01-11', '8', 675, 87),
(752, '2022-01-12', '3', 676, 87),
(753, '2022-01-03', '7', 677, 87),
(754, '2022-01-04', '16', 678, 92),
(755, '2022-01-07', '5', 679, 92),
(756, '2022-01-08', '5', 680, 92),
(757, '2022-01-10', '7', 681, 92),
(758, '2022-01-11', '22', 682, 92),
(759, '2022-01-12', '21', 683, 92),
(760, '2022-01-12', '11', 685, 92),
(761, '2022-01-14', '2', 686, 92),
(762, '2022-01-15', '2', 687, 92),
(763, '2022-01-17', '2', 688, 92),
(764, '2022-01-18', '12', 689, 92),
(765, '2022-01-19', '1', 690, 92),
(766, '2022-01-20', '3', 691, 92),
(767, '2022-01-23', '2', 692, 92),
(768, '2022-01-24', '26', 693, 92),
(769, '2022-01-26', '4', 694, 92),
(770, '2022-01-29', '8', 695, 92),
(771, '2022-01-31', '11', 696, 92),
(772, '2022-01-07', '3', 697, 92),
(773, '2022-01-07', '30', 698, 92),
(774, '2022-01-08', '23', 699, 92),
(775, '2022-01-10', '5', 700, 92),
(776, '2022-01-07', '30', 701, 92),
(777, '2022-01-11', '8', 702, 92),
(778, '2022-01-12', '25', 704, 92),
(779, '2022-01-13', '4', 705, 92),
(780, '2022-01-17', '18', 706, 92),
(781, '2022-01-18', '4', 707, 92),
(782, '2022-01-21', '1', 708, 92),
(783, '2022-01-24', '38', 709, 92),
(784, '2022-01-25', '3', 710, 92),
(785, '2022-01-26', '3', 711, 92),
(786, '2022-01-24', '38', 713, 92),
(787, '2022-01-28', '52', 712, 92),
(788, '2022-01-31', '3', 714, 92),
(789, '2022-01-17', '12', 715, 92),
(790, '2022-01-18', '50', 716, 92),
(791, '2022-01-19', '14', 717, 92),
(792, '2022-01-20', '17', 718, 92),
(793, '2022-01-21', '49', 719, 92),
(794, '2022-01-22', '26', 720, 92),
(795, '2022-01-23', '7', 721, 92),
(796, '2022-01-24', '54', 722, 92),
(797, '2022-01-25', '45', 723, 92),
(798, '2022-01-26', '21', 724, 92),
(799, '2022-01-24', '54', 725, 92),
(800, '2022-01-27', '55', 726, 92),
(801, '2022-01-28', '25', 727, 92),
(802, '2022-01-29', '25', 728, 92),
(803, '2022-01-31', '68', 729, 92),
(804, '2022-01-03', '7', 730, 90),
(805, '2022-01-04', '9', 731, 90),
(806, '2022-01-06', '21', 732, 90),
(807, '2022-01-12', '18', 733, 90),
(808, '2022-01-13', '15', 734, 90),
(809, '2022-01-17', '19', 735, 90),
(810, '2022-01-18', '2', 736, 90),
(811, '2022-01-19', '17', 737, 90),
(812, '2022-01-20', '25', 738, 90),
(813, '2022-01-21', '13', 739, 90),
(814, '2022-01-25', '12', 740, 90),
(815, '2022-01-26', '22', 741, 90),
(816, '2022-01-27', '10', 742, 90),
(817, '2022-01-28', '10', 743, 90),
(818, '2022-01-29', '1', 744, 90),
(819, '2022-01-31', '3', 745, 90),
(820, '2022-01-06', '4', 746, 90),
(821, '2022-01-13', '12', 747, 90),
(822, '2022-01-17', '3', 748, 90),
(823, '2022-01-18', '1', 749, 90),
(824, '2022-01-21', '1', 750, 90),
(825, '2022-01-24', '3', 751, 90),
(826, '2022-01-25', '3', 752, 90),
(827, '2022-01-28', '4', 753, 90),
(828, '2022-01-31', '3', 754, 90),
(829, '2022-01-06', '5', 755, 90),
(830, '2022-01-11', '9', 756, 90),
(831, '2022-01-18', '1', 757, 90),
(832, '2022-01-20', '6', 758, 90),
(833, '2022-01-25', '4', 760, 90),
(834, '2022-01-24', '12', 759, 90),
(835, '2022-01-28', '11', 761, 90),
(836, '2022-01-31', '8', 762, 90),
(837, '2022-01-27', '13', 763, 90),
(838, '2022-01-28', '11', 764, 90),
(839, '2022-01-03', '1', 765, 91),
(840, '2022-01-04', '38', 766, 91),
(841, '2022-01-05', '1', 767, 91),
(842, '2022-01-06', '2', 768, 91),
(843, '2022-01-07', '1', 769, 91),
(844, '2022-01-08', '3', 770, 91),
(845, '2022-01-10', '2', 771, 91),
(846, '2022-01-11', '19', 772, 91),
(847, '2022-01-12', '2', 773, 91),
(848, '2022-01-13', '37', 774, 91),
(849, '2022-01-14', '1', 775, 91),
(850, '2022-01-15', '1', 776, 91),
(851, '2022-01-18', '41', 777, 91),
(852, '2022-01-19', '11', 778, 91),
(853, '2022-01-20', '9', 779, 91),
(854, '2022-01-21', '50', 780, 91),
(855, '2022-01-24', '22', 781, 91),
(856, '2022-01-25', '80', 782, 91),
(857, '2022-01-26', '1', 783, 91),
(858, '2022-01-27', '1', 784, 91),
(859, '2022-01-28', '1', 785, 91),
(860, '2022-01-31', '2', 786, 91),
(861, '2022-01-02', '1', 787, 91),
(862, '2022-01-03', '2', 788, 91),
(863, '2022-01-04', '16', 789, 91),
(864, '2022-01-11', '18', 790, 91),
(865, '2022-01-13', '22', 791, 91),
(866, '2022-01-15', '2', 792, 91),
(867, '2022-01-18', '2', 793, 91),
(868, '2022-01-21', '2', 794, 91),
(869, '2022-01-25', '18', 795, 91),
(870, '2022-01-05', '1', 796, 91),
(871, '2022-01-10', '6', 797, 91),
(872, '2022-01-11', '12', 798, 91),
(873, '2022-01-14', '3', 799, 91),
(874, '2022-01-17', '4', 800, 91),
(875, '2022-01-18', '14', 801, 91),
(876, '2022-01-20', '9', 802, 91),
(877, '2022-01-22', '12', 803, 91),
(878, '2022-01-25', '18', 804, 91),
(879, '2022-01-26', '1', 805, 91),
(880, '2022-01-31', '1', 806, 91),
(881, '2022-01-11', '29', 807, 88),
(882, '2022-01-12', '16', 808, 88),
(883, '2022-01-13', '13', 809, 88),
(884, '2022-01-14', '12', 810, 88),
(885, '2022-01-18', '18', 811, 88),
(886, '2022-01-19', '45', 812, 88),
(887, '2022-01-21', '44', 813, 88),
(888, '2022-01-23', '15', 814, 88),
(889, '2022-01-24', '31', 815, 88),
(890, '2022-01-25', '32', 816, 88),
(891, '2022-01-26', '37', 817, 88),
(892, '2022-01-28', '5', 818, 88),
(893, '2022-01-31', '45', 819, 88),
(894, '2022-01-04', '8', 820, 88),
(895, '2022-01-07', '1', 821, 88),
(896, '2022-01-08', '3', 822, 88),
(897, '2022-01-10', '1', 823, 88),
(898, '2022-01-11', '27', 824, 88),
(899, '2022-01-12', '8', 825, 88),
(900, '2022-01-19', '20', 826, 88),
(901, '2022-01-23', '3', 827, 88),
(902, '2022-01-24', '11', 828, 88),
(903, '2022-01-25', '2', 829, 88),
(904, '2022-01-26', '5', 830, 88),
(905, '2022-01-28', '2', 831, 88),
(906, '2022-01-04', '1', 832, 88),
(907, '2022-01-06', '39', 833, 88),
(908, '2022-01-08', '2', 834, 88),
(909, '2022-01-10', '1', 835, 88),
(910, '2022-01-11', '45', 836, 88),
(911, '2022-01-19', '20', 837, 88),
(912, '2022-01-23', '23', 838, 88),
(913, '2022-01-24', '20', 839, 88),
(914, '2022-01-25', '1', 840, 88),
(915, '2022-01-26', '21', 841, 88),
(916, '2022-01-06', '45', 842, 85),
(917, '2022-01-10', '51', 843, 85),
(918, '2022-01-13', '1', 844, 85),
(919, '2022-01-15', '51', 845, 85),
(920, '2022-01-18', '61', 846, 85),
(921, '2022-01-19', '35', 847, 85),
(922, '2022-01-21', '66', 848, 85),
(923, '2022-01-24', '17', 849, 85),
(924, '2022-01-26', '71', 850, 85),
(925, '2022-01-28', '9', 851, 85),
(926, '2022-01-29', '25', 852, 85),
(927, '2022-01-31', '17', 853, 85),
(928, '2022-01-05', '66', 854, 95),
(929, '2022-01-06', '50', 855, 95),
(930, '2022-01-07', '37', 856, 95),
(931, '2022-01-12', '74', 857, 95),
(932, '2022-01-13', '50', 858, 95),
(933, '2022-01-14', '27', 859, 95),
(934, '2022-01-17', '63', 860, 95),
(935, '2022-01-18', '28', 861, 95),
(936, '2022-01-20', '18', 862, 95),
(937, '2022-01-22', '37', 863, 95),
(938, '2022-01-24', '51', 864, 95),
(939, '2022-01-27', '29', 865, 95),
(940, '2022-01-28', '10', 866, 95),
(941, '2022-01-03', '14', 868, 82),
(942, '2022-01-04', '25', 869, 82),
(943, '2022-01-05', '34', 870, 82),
(944, '2022-01-07', '17', 871, 82),
(945, '2022-01-12', '12', 872, 92),
(946, '2022-01-20', '50', 873, 92),
(947, '2022-04-27', '330', 874, 132),
(948, '2022-04-27', '5', 874, 132),
(949, '2022-04-27', '10', 874, 132),
(950, '2022-04-27', '5', 874, 132),
(951, '2022-04-27', '2', 250, 96),
(952, '2022-01-31', '1', 875, 97),
(953, '2022-01-02', '5', 876, 91),
(954, '2022-01-08', '3', 877, 91),
(955, '2022-01-31', '1', 878, 90),
(956, '2022-01-03', '2', 879, 92),
(957, '2022-01-04', '22', 880, 92),
(958, '2022-01-05', '3', 881, 92),
(959, '2022-01-06', '8', 882, 92),
(960, '2022-01-07', '16', 883, 92),
(961, '2022-01-08', '31', 884, 92),
(962, '2022-01-10', '29', 885, 92),
(963, '2022-01-11', '25', 889, 92),
(964, '2022-05-02', '90', 891, 91),
(965, '2022-05-02', '15', 891, 91),
(966, '2022-05-02', '80', 892, 106),
(967, '2022-05-02', '10', 892, 106),
(968, '2022-05-02', '10', 892, 106),
(969, '2022-05-02', '10', 892, 106),
(970, '2022-05-02', '10', 892, 106),
(971, '2022-05-02', '90', 894, 88),
(972, '2022-05-02', '95', 893, 85),
(973, '2022-05-02', '80', 896, 97),
(974, '2022-05-02', '20', 896, 97),
(975, '2022-05-04', '4', 921, 101),
(976, '2022-05-04', '3', 923, 101),
(977, '2022-05-04', '1', 923, 101),
(978, '2022-05-04', '5', 928, 88),
(979, '2022-05-04', '2', 931, 78),
(980, '2022-05-04', '1', 931, 78),
(981, '2022-05-04', '1', 931, 78),
(982, '2022-05-04', '10', 933, 145),
(983, '2022-05-05', '7', 933, 145),
(984, '2022-05-06', '10', 933, 145),
(985, '2022-05-04', '3', 933, 145),
(986, '2022-05-06', '8', 938, 97),
(987, '2022-05-05', '2', 938, 97),
(988, '2022-05-05', '4', 937, 130),
(989, '2022-05-05', '7', 939, 83),
(990, '2022-05-05', '1', 939, 83),
(991, '2022-05-05', '40', 940, 97),
(992, '2022-05-05', '10', 940, 97),
(993, '2022-05-05', '10', 940, 97),
(994, '2022-05-07', '40', 941, 78),
(995, '2022-05-05', '10', 941, 78),
(996, '2022-05-05', '6', 942, 97),
(997, '2022-05-06', '22', 942, 97),
(998, '2022-05-12', '26', 915, 100),
(999, '2022-05-12', '28', 932, 101),
(1000, '2022-05-12', '2', 957, 138),
(1001, '2022-05-12', '1', 956, 78),
(1002, '2022-01-12', '41', 968, 82),
(1003, '2022-01-21', '2', 969, 82),
(1004, '2022-01-24', '40', 970, 82),
(1005, '2022-05-13', '33', 916, 139),
(1006, '2022-01-25', '58', 971, 82),
(1007, '2022-01-26', '32', 972, 82),
(1008, '2022-01-27', '19', 973, 82),
(1009, '2022-05-14', '1', 917, 139),
(1010, '2022-05-16', '1', 900, 140),
(1011, '2022-05-16', '1', 901, 136),
(1012, '2022-05-16', '5', 978, 158),
(1013, '2022-05-16', '2', 979, 83),
(1014, '2022-05-16', '249', 932, 101),
(1015, '2022-05-16', '8', 980, 101),
(1016, '2022-05-12', '211', 981, 101),
(1017, '2022-05-16', '7', 909, 97),
(1018, '2022-04-26', '1', 982, 100),
(1019, '2022-05-16', '4', 983, 83),
(1020, '2022-04-27', '3', 985, 133),
(1021, '2022-04-27', '5', 986, 133),
(1022, '2022-04-27', '2', 987, 103),
(1023, '2022-05-04', '1', 906, 101),
(1024, '2022-04-28', '1', 988, 136),
(1025, '2022-04-28', '4', 989, 90),
(1026, '2022-05-11', '449', 948, 99),
(1027, '2022-04-28', '2', 990, 99),
(1028, '2022-04-29', '1', 992, 101),
(1029, '2022-04-29', '2', 995, 133),
(1030, '2022-04-29', '1', 997, 150),
(1031, '2022-04-30', '2', 1001, 102),
(1032, '2022-04-30', '4', 1002, 150),
(1033, '2022-05-02', '3', 1004, 98),
(1034, '2022-04-29', '1', 999, 88),
(1035, '2022-05-02', '7', 1005, 133),
(1036, '2022-05-12', '69', 912, 138),
(1037, '2022-05-03', '2', 1006, 132),
(1038, '2022-05-03', '1', 1007, 99),
(1039, '2022-05-03', '2', 1008, 133),
(1040, '2022-05-03', '1', 1009, 100),
(1041, '2022-05-04', '10', 1010, 133),
(1042, '2022-05-05', '1', 1011, 132),
(1043, '2022-05-05', '1', 1012, 100),
(1044, '2022-05-05', '9', 1014, 101),
(1045, '2022-05-05', '9', 1013, 101),
(1046, '2022-05-05', '18', 1015, 158),
(1047, '2022-05-05', '5', 1016, 133),
(1048, '2022-05-05', '7', 1017, 88),
(1049, '2022-05-06', '2', 1018, 129),
(1050, '2022-05-06', '1', 1019, 100),
(1051, '2022-05-06', '3', 1020, 158),
(1052, '2022-05-06', '27', 1021, 150),
(1053, '2022-05-07', '1', 1022, 129),
(1054, '2022-05-07', '1', 1023, 150),
(1055, '2022-05-10', '1', 1024, 150),
(1056, '2022-05-12', '3', 1025, 150),
(1057, '2022-05-13', '5', 1026, 158),
(1058, '2022-05-13', '2', 1027, 133),
(1059, '2022-05-13', '1', 1028, 91),
(1060, '2022-05-16', '1', 1029, 132),
(1061, '2022-05-16', '1', 1030, 99),
(1062, '2022-05-16', '1', 1031, 101),
(1063, '2022-05-05', '30', 1032, 83),
(1064, '2022-05-11', '2', 1033, 83),
(1065, '2022-05-13', '3', 1034, 83),
(1066, '2022-04-26', '2', 1035, 130),
(1067, '2022-05-04', '4', 1036, 130),
(1068, '2022-05-05', '14', 1037, 130),
(1069, '2022-05-10', '1', 1038, 130),
(1070, '2022-05-06', '1', 1039, 130);

-- --------------------------------------------------------

--
-- Estrutura da tabela `entregadores`
--

CREATE TABLE `entregadores` (
  `id` int(11) NOT NULL,
  `nome` varchar(225) DEFAULT NULL,
  `telefone` varchar(45) DEFAULT NULL,
  `cpf` varchar(45) DEFAULT NULL,
  `email` varchar(100) DEFAULT NULL,
  `banco` varchar(45) DEFAULT NULL,
  `agencia` varchar(45) DEFAULT NULL,
  `conta` varchar(45) DEFAULT NULL,
  `pix` varchar(100) DEFAULT NULL,
  `cnh` varchar(45) DEFAULT NULL,
  `renavam` varchar(45) DEFAULT NULL,
  `apelido` varchar(100) DEFAULT NULL,
  `tipo` varchar(45) DEFAULT NULL,
  `status` int(11) DEFAULT NULL,
  `admissao` timestamp NULL DEFAULT NULL,
  `recisao` timestamp NULL DEFAULT NULL,
  `valor_boleto` decimal(10,2) DEFAULT NULL,
  `valor_cartao` decimal(10,2) DEFAULT NULL,
  `valor_pequeno` decimal(10,2) DEFAULT NULL,
  `valor_grande` decimal(10,2) DEFAULT NULL,
  `usuarios_id` int(11) NOT NULL,
  `forma_pagamento_id` int(11) NOT NULL,
  `veiculos_id` int(11) NOT NULL,
  `regioes_id` int(11) NOT NULL
) ENGINE=InnoDB DEFAULT CHARSET=utf8mb4;

--
-- Extraindo dados da tabela `entregadores`
--

INSERT INTO `entregadores` (`id`, `nome`, `telefone`, `cpf`, `email`, `banco`, `agencia`, `conta`, `pix`, `cnh`, `renavam`, `apelido`, `tipo`, `status`, `admissao`, `recisao`, `valor_boleto`, `valor_cartao`, `valor_pequeno`, `valor_grande`, `usuarios_id`, `forma_pagamento_id`, `veiculos_id`, `regioes_id`) VALUES
(70, 'ADEMIR NERES MARTINS', '(98) 98832-8985', '887.223.683-53', 'ademirneresmartins@gmail.com ', '', '', '', '', '04116086016', '585140316', 'ademir', 'CLT', 1, '2022-02-18 14:53:46', '2022-02-18 14:53:46', '0.80', '0.00', '0.00', '0.00', 4, 4, 1, 79),
(73, 'ANTONIO WILLIAN SANTOS', '(98) 98745-1262', '836.359.203-04', 'antoniowilliansantosslz@gmail.com', 'bradesco', '6578-1', '10162-1', '', '03253697497', '204196841', 'ANTONIO WILLIAN', 'CLT', 1, '2022-02-24 20:37:14', '2022-02-24 20:37:14', '0.00', '0.00', '1.40', '5.00', 4, 4, 1, 79),
(78, 'JOSE ORLANDO DOS SANTOS E SANTOS', '(98) 98770-0584', '005.560.203-75', 'joseorlandodossantos@gmail.com', '', '', '', '', '', '', 'JOSE ORLANDO', 'PJ', 1, '2022-02-21 18:48:01', '2022-02-21 18:48:01', '0.00', '0.00', '2.00', '5.00', 4, 4, 5, 74),
(80, 'JOSE RONILDO BARBOSA DOS SANTOS', '(98) 98195-5189', '044.801.853-56', 'joseronildobarbosa@gmail.com', '', '', '', '', '', '', 'JOSE RONILDO', 'CLT', 1, '2022-03-23 14:55:32', '2022-03-23 14:55:32', '0.00', '0.00', '2.30', '5.00', 4, 4, 1, 79),
(82, 'THEOBALDO MARCOS PAIXÃO JUNIOR', '(98) 99614-9699', '874.914.783-87', 'theobaldomarcospaixaojunior@gmail.com', '', '', '', '', '', '', 'MARCOS JUNIOR', 'PJ', 1, '2022-02-21 20:04:56', '2022-02-21 20:04:56', '2.00', '2.00', '0.00', '0.00', 4, 4, 5, 74),
(83, 'ANTONIO MARCOS SODRÉ DE SOUSA', '(98) 98844-7819', '853.301.403-15', 'antoniomarcossodredesousa@gmail.com', '237-Bradesco', '1168-1', '515340-7', '', '04979590869', '1106502571', 'SODRÉ', 'PJ', 1, '2022-02-22 17:47:53', '2022-02-22 17:47:53', '0.80', '0.00', '2.00', '5.00', 4, 4, 1, 74),
(85, 'FELIPE MARTINS SOARES', '', '617.113.643-39', '', '237-Bradesco', '3929-2', '4110-6', '', '', '', 'FELIPE MARTINS ', 'PJ', 1, '2022-02-22 18:21:36', '2022-02-22 18:21:36', '0.00', '1.50', '0.00', '0.00', 4, 4, 5, 74),
(87, 'NECIVALDO SILVA DA SILVA', '(98) 98808-9520', '405.097.293-04', 'necivaldosilvadasilva@gmail.com', '237-Bradesco', '1319-6', '0505090-1', '', '05634136131', '00389199001', 'NECIVALDO', 'PJ', 1, '2022-02-22 18:43:50', '2022-02-22 18:43:50', '0.00', '0.00', '2.00', '5.00', 4, 4, 1, 74),
(88, 'ANTONIO SILVESTRE CAMPOS PINHEIRO', '(98) 98116-5398', '904.199.603-68', 'antoniosilvestrepinheiro@gmail.com', 'Caixa Econômica Federal', '1037', '62790-9', '(98)98608-1880', '04000792697', '01080960012', 'SILVESTRE', 'CLT', 1, '2022-03-28 20:07:01', '2022-03-28 20:07:01', '0.80', '0.00', '2.00', '5.00', 4, 5, 1, 74),
(89, 'CRISTIAN FELIPE SILVA LOBÃO', '(98) 98531-0264', '070.579.103-39', '', '', '', '', '070.579.103-39', '', '', 'CRISTIAN FELIPE', 'PJ', 1, '2022-02-22 19:02:15', '2022-02-22 19:02:15', '0.00', '0.00', '5.00', '5.00', 4, 5, 2, 74),
(90, 'NATANAILSON CELSO MENDONÇA DA SILVA', '(98) 98811-4241', '013.064.813-25', 'natanailsonmendonca@gmail.com', 'itau', '7861', '34851-9', 'natanailson.c@gmail.com', '05919708880', '00128974443', 'NATANAILSON', 'PJ', 1, '2022-02-22 19:36:49', '2022-02-22 19:36:49', '1.00', '0.00', '2.00', '5.00', 4, 5, 1, 74),
(91, 'DENILSON MARTINS DA SILVA', '(98) 98861-5312', '893.163.713-68', 'denilsonmartinsdasilvaslz@gmail.com', 'Caixa Econômica Federal', '1521', '113302-8', '893.163.713-68', '00124571214', '1101794400', 'DENILSON MARTINS', 'CLT', 1, '2022-02-22 19:46:41', '2022-02-22 19:46:41', '0.00', '0.00', '1.40', '5.00', 4, 5, 1, 74),
(92, 'VALDEZ MORAES DOS SANTOS', '(98) 98415-7682', '224.990.753-68', 'valdezmoraesdossantos@gmail.com', 'Caixa Econômica Federal', '1576', '60252-0', '224.990.753-68', '00149663140', '301493910', 'VALDEZ ', 'CLT', 1, '2022-02-22 19:58:27', '2022-02-22 19:58:27', '0.00', '0.00', '2.00', '5.00', 4, 5, 2, 74),
(95, 'JAILSON MAURO GARCEZ FERRAZ', '(98) 99972-8732', '509.400.663-00', 'jailsonmaurogarcezferraz@gmail.com', '', '', '', '', '', '', 'JAILSON', 'PJ', 1, '2022-02-24 18:00:19', '2022-02-24 18:00:19', '1.00', '1.00', '0.00', '0.00', 4, 4, 5, 74),
(96, 'ALESSANDRO FREIRE CALDAS', '(98) 98604-8499', '602.008.083-89', 'alessandrofreirecaldas@gmail.com', 'bradesco', '6578-1', '5331-7', '', '05357337623', '478680708', 'alessandro', 'CLT', 1, '2022-02-24 18:35:33', '2022-02-24 18:35:33', '0.00', '0.00', '1.40', '5.00', 4, 4, 1, 74),
(97, 'CLODOALDO FERREIRA DE SOUSA', '(98) 98802-8265', '760.774.383-91', 'clodoaldoferreiradesousa@gmail.com', 'bradesco', '1037-5', '31687-3', '', '05621877892', '294487816', 'CLODOALDO', 'CLT', 1, '2022-02-24 18:41:24', '2022-02-24 18:41:24', '0.00', '0.00', '1.40', '5.00', 4, 4, 1, 74),
(98, 'DENILSON COSTA VIEIRA', '(98) 98919-7942', '905.517.963-91', 'denilsoncostavieiraslz@gmail.com', 'bradesco', '6578-1', '5301-5', '', '05392508183', '00396239900', 'DENILSON COSTA', 'PJ', 1, '2022-02-24 18:46:27', '2022-02-24 18:46:27', '0.00', '0.00', '1.40', '5.00', 4, 4, 1, 74),
(99, 'DOMINGOS EDSON SILVA SANTOS', '(98) 98535-9358', '778.668.513-87', 'dedsonsilvasantos@gmail.com', 'bradesco', '1037', '0031685-7', '', '01807326089', '771299125', 'EDSON', 'CLT', 1, '2022-02-24 18:51:39', '2022-02-24 18:51:39', '0.00', '0.00', '1.40', '5.00', 4, 4, 1, 74),
(100, 'GILMAR VALE BARBOSA', '(98) 98828-3399', '515.549.333-15', 'gilmarvalebarbosa@gmail.com', 'bradesco Next - 237', '3728', '755858-9', '', '00272413365', '338307397', 'GILMAR ', 'CLT', 1, '2022-02-24 18:54:56', '2022-02-24 18:54:56', '0.00', '0.00', '1.40', '5.00', 4, 4, 1, 74),
(101, 'JOSE VITAL BARBOSA', '(98) 99121-9154', '822.080.423-87', 'josevitalbarbosaslz@gmail.com', 'bradesco', '2121-0', '0028905-1', '', '04551162730', '01145650152', 'JOSE VITAL', 'CLT', 1, '2022-02-24 18:59:26', '2022-02-24 18:59:26', '0.00', '0.00', '1.40', '5.00', 4, 4, 2, 74),
(102, 'MAURO SERGIO COSTA SILVA', '(98) 99287-8892', '696.293.403-30', 'mauro.21@gmail.com', 'bradesco Next - 237', '6176', '494455-0', '', '02953646513', '299467058', 'MAURO', 'CLT', 1, '2022-02-24 19:06:06', '2022-02-24 19:06:06', '0.00', '0.00', '1.40', '5.00', 4, 4, 1, 74),
(103, 'SERGIO LUIS DE MORAES ALVES', '(98) 98841-9932', '238.779.363-34', 'sergioluismoraesalves@gmail.com', 'bradesco', '1037-5', '22812-5', '', '02930004285', '209581581', 'SERGIO', 'CLT', 1, '2022-02-24 19:14:32', '2022-02-24 19:14:32', '0.00', '0.00', '1.40', '5.00', 4, 4, 1, 74),
(106, 'DELNILSON BRANDÃO', '(98) 99148-3701', '601.572.923-63', 'denilsonbrandaoslz@gmail.com', 'bradesco', '6578-1', '9719-5', '', '04118936651', '120011492', 'DELNILSON BRANDÃO', 'CLT', 1, '2022-02-24 19:44:52', '2022-02-24 19:44:52', '0.00', '0.00', '1.40', '5.00', 4, 4, 1, 74),
(129, 'GABRIEL CARVALHO DOS SANTOS', '(98) 98844-0252', '607.128.813-44', 'gabrielcarvalhodossantosslz@gmail.com', 'bradesco', '1167', '0032668-2', '', '07229902247', '1092781126', 'GABRIEL', 'CLT', 1, '2022-02-25 19:12:14', '2022-02-25 19:12:14', '0.00', '1.00', '1.00', '1.00', 4, 4, 1, 74),
(130, 'FRANCISCO DAS CHAGAS SILVA MORAES', '(98) 98703-1343', '663.596.863-68', 'franciscodaschagassilvamoraes@gmail.com', 'bradesco', '1180-0', '1002553-2', '', '03663708731', '470066598', 'chico', 'CLT', 1, '2022-02-25 19:15:31', '2022-02-25 19:15:31', '0.00', '1.00', '1.00', '1.00', 4, 4, 1, 74),
(131, 'ANTONIO JOSÉ FONSECA DA SILVA', '(98) 99151-2121', '999.724.173-87', 'antoniojfonsecadasilva@gmail.com', 'bradesco', '3750-8', '459376-6', '', '03819097297', '01251602824', 'JOSÉ FONSECA', 'CLT', 1, '2022-02-25 19:22:36', '2022-02-25 19:22:36', '1.00', '1.00', '1.00', '1.00', 4, 4, 1, 74),
(132, 'ARLEAN COSTA SOUSA', '(98) 98212-9841', '036.923.303-40', 'arleancostasousa@gmail.com', 'Caixa Econômica Federal', '1739', '33151-0', '98982129841', '06062482500', '463336577', 'arlean', 'CLT', 1, '2022-02-25 19:27:04', '2022-02-25 19:27:04', '1.00', '1.00', '1.00', '1.00', 4, 5, 1, 74),
(133, 'JOELSON CAMPOS SERRA', '(98) 98831-1259', '850.214.583-53', 'joelsoncamposserraslz@gmail.com', 'Caixa Econômica Federal', '1576', '68469-1', '850.214.583-53', '03130178244', '251024172', 'joelson', 'CLT', 1, '2022-02-25 19:32:40', '2022-02-25 19:32:40', '0.00', '1.00', '1.00', '1.00', 4, 5, 2, 74),
(134, 'RAIMUNDO NONATO FERREIRA LIMA JUNIOR', '(98) 98868-4192', '972.096.433-20', 'raimundononatoferreiralimajr@gmail.com', 'bradesco', '6578-1', '0015359-1', '', '04717582504', '134811585', 'raimundo junior', 'CLT', 1, '2022-02-25 19:40:01', '2022-02-25 19:40:01', '0.00', '0.00', '1.00', '1.00', 4, 4, 2, 74),
(135, 'BRUNO LUIS SILVA FRANÇA', '(98) 98814-9882', '645.881.493-34', 'brunoluissilvafrancaslz@gmail.com', 'Caixa Econômica Federal', '4324', '01076520-0', '645.881.493-34', '04690887661', '1010449904', 'bruno frança', 'CLT', 1, '2022-02-25 19:45:45', '2022-02-25 19:45:45', '0.00', '0.00', '1.00', '1.00', 4, 5, 2, 74),
(136, 'MARCOS ANTONIO CARDOSO FONSECA', '(98) 98847-5760', '023.713.263-05', 'marcosantoniocfonseca@gmail.com', 'bradesco', '6578-1', '10832-4', '', '04690451294', '1095162656', 'marcos fonseca', 'CLT', 1, '2022-03-02 16:09:06', '2022-03-02 16:09:06', '1.00', '1.00', '1.00', '1.00', 4, 4, 1, 74),
(137, 'MARCOS ANTONIO PEREIRA SANTOS', '(98) 98892-5943', '450.157.163-20', 'marcosantoniopsantosslz@gmail.com', 'bradesco', '6578-1', '5466-6', '', '01968927823', '1036186960', 'marquinhos', 'CLT', 1, '2022-03-02 16:34:31', '2022-03-02 16:34:31', '0.00', '0.00', '1.00', '1.00', 4, 4, 2, 74),
(138, 'CLAUDENILSON FIGUEIREDO MENDONÇA', '(98) 99993-8027', '651.078.533-15', 'claudenilsonfigueiredomendonca@gmail.com', 'bradesco', '3925-0', '0437775-3', '', '', '', 'CLAUDENILSON ', 'CLT', 1, '2022-03-02 16:44:14', '2022-03-02 16:44:14', '1.00', '1.00', '0.00', '0.00', 4, 4, 5, 74),
(139, 'JORGE LUIS FERREIRA MARTINS', '(98) 99613-3690', '207.116.203-00', 'jorgeluisferreiramartinsslz@gmail.com', 'Caixa Econômica Federal', '27', '61733-3', '', '', '', 'JORGE LUIS ', 'CLT', 1, '2022-03-02 17:05:01', '2022-03-02 17:05:01', '1.00', '1.00', '0.00', '0.00', 4, 5, 5, 74),
(140, 'JOSE CARLOS RODRIGUES DE SOUZA JUNIOR', '(98) 98341-6420', '931.244.303-87', 'josecarlosrodriguessjunior@gmail.com', 'bradesco', '3750-8', '56969-0', '', '', '', 'carlos', 'CLT', 1, '2022-03-02 17:19:40', '2022-03-02 17:19:40', '1.00', '1.00', '0.00', '0.00', 4, 4, 5, 74),
(141, 'JOSE ROBERTO DA SILVA CRUZ', '(98) 98468-8301', '508.666.643-00', 'joserobertodasilvacruzslz@gmail.com', 'bradesco', '3929-2', '0022753-6', '', '', '', 'roberto', 'CLT', 1, '2022-03-02 17:39:36', '2022-03-02 17:39:36', '1.00', '1.00', '0.00', '0.00', 4, 4, 5, 74),
(142, 'CESAR CRISTIAN MOTA FONSECA', '(98) 98175-3179', '038.837.133-17', '', '', '', '', '', '07453672795', ' 00883919605', 'CESAR CRISTIAN', 'PJ', 1, '2022-03-02 18:20:59', '2022-03-02 18:20:59', '0.00', '0.00', '5.00', '5.00', 4, 4, 2, 74),
(143, 'ANTONIO GILBERTO OLIVEIRA DOS SANTOS', '(98) 98182-9041', '875.046.003-00', '', 'Caixa Econômica Federal', '3519', '3620-9', '(98) 991340077 ', '02989719900', '1105291577', 'ANTONIO GILBERTO ', 'PJ', 1, '2022-03-02 18:29:32', '2022-03-02 18:29:32', '1.00', '0.00', '4.00', '4.00', 4, 5, 2, 80),
(144, 'ANTONIO RENILSON VASCONCELOS PAIVA', '(98) 98282-7886', '331.388.853-49', '', 'Caixa Econômica Federal', '', '', '475.082.803-34', '02771152478', '01091387505', 'ANTONIO RENILSON ', 'PJ', 1, '2022-03-02 18:50:59', '2022-03-02 18:50:59', '1.00', '0.00', '4.00', '4.00', 4, 5, 2, 78),
(145, 'aline dos santos silva', '(99) 98431-3160', '054.428.973-02', '', 'banco do brasil', '2992-4', '43518518-0', '(99) 98431-3160', '06029761001', '01117204267', 'aline', 'PJ', 1, '2022-03-02 19:03:49', '2022-03-02 19:03:49', '1.00', '0.00', '4.00', '4.00', 4, 5, 2, 76),
(147, 'ANTONIO RENILSON VASCONCELOS PAIVA', '(98) 98282-7886', '331.388.853-49', '', 'Caixa Econômica Federal', '', '', '475.082.803-34', '02771152478', '01091387505', 'renilson', 'PJ', 1, '2022-05-05 14:32:31', '2022-05-05 14:32:31', '1.00', '0.00', '4.00', '4.00', 4, 5, 2, 78),
(149, 'CAIANNE CASTRO BRITO DOS SANTOS', '(99) 99231-5373', '059.886.703-18', '', '336-C6 BANK', '', '', 'caiannecastro@gmail.com', '', '', 'CAIANNE', 'PJ', 1, '2022-05-05 15:06:41', '2022-05-05 15:06:41', '1.00', '0.00', '4.00', '4.00', 4, 5, 5, 76),
(150, 'NOELSON RIBEIRO DA COSTA', '(98) 98749-5064', '007.440.273-06', '', 'nu pagamentos s.a.', '', '', '00744027306', '04528026719', '00996600655', 'noelson', 'CLT', 1, '2022-05-05 15:08:34', '2022-05-05 15:08:34', '0.00', '0.00', '0.00', '0.00', 4, 5, 3, 74),
(151, 'ANTONIA CELIA DE SÁ SILVA', '(99) 99208-5131', '602.680.033-60', '', 'banco do brasil', '', '', '34590404320', '05710215940', '01120615434', 'celia', 'PJ', 1, '2022-05-05 15:18:58', '2022-05-05 15:18:58', '1.00', '0.00', '4.00', '4.00', 4, 5, 1, 76),
(152, 'DOGIVAL SILVA', '(98) 98454-9453', '046.176.453-90', '', 'Caixa Econômica Federal', '2063 ', '30211-3', '04617645390', '05141933402', '199468834', 'DOGIVAL ', 'PJ', 1, '2022-05-05 16:15:56', '2022-05-05 16:15:56', '1.00', '0.00', '4.00', '4.00', 4, 5, 1, 79),
(153, 'FREDSON SANTOS E SANTOS', '(98) 99154-8239', '020.656.173-30', '', 'nubank', '1', '35787192-6', '020.656.173-30', '06880002460', '539380423', 'FREDSON', 'PJ', 1, '2022-05-05 16:22:16', '2022-05-05 16:22:16', '1.50', '0.00', '4.00', '4.00', 4, 5, 1, 77),
(154, 'GILMAR SILVA CORREIA', '(98) 98777-2972', '003.077.453-50', '', 'Caixa Econômica Federal', '2063', '00055037-0', '026.513.983-06  ', '', '', 'gilmar correia', 'PJ', 1, '2022-05-05 16:30:59', '2022-05-05 16:30:59', '1.00', '0.00', '4.00', '4.00', 4, 5, 5, 79),
(157, 'RIVALDO MOREIRA DE HOLANDA', '(98) 98836-4515', '630.224.602-44', '', '', '', '', '', '03533058132', '01291577316', 'rivaldo holanda', 'PJ', 1, '2022-05-05 17:18:35', '2022-05-05 17:18:35', '0.00', '0.00', '2.00', '0.00', 4, 4, 1, 74),
(158, 'JOELSON DE JESUS CARDOSO SILVA', '(98) 98836-4515', '604.978.323-30', '', 'Caixa Econômica Federal', '1576', '146834-8', '', '05692233040', '01129177014', 'joelson de jesus', 'CLT', 1, '2022-05-05 17:26:48', '2022-05-05 17:26:48', '0.00', '0.00', '0.00', '0.00', 4, 4, 1, 74),
(159, 'MANOEL DE JESUS DA SILVA', '(99) 98178-7160', '493.440.483-04', '', 'Caixa Econômica Federal', '', '', '493.440.483-04', '00990755497', '01195340815', 'MANOEL de jesus', 'PJ', 1, '2022-05-05 17:41:45', '2022-05-05 17:41:45', '1.00', '0.00', '4.00', '4.00', 4, 5, 2, 76),
(160, 'MARCELO SILVA DE CARVALHO ', '(98) 98404-2907', '058.897.803-52', '', 'nubank', '', '', '(98) 984042907', '', '', 'MARCELO SILVA ', 'PJ', 1, '2022-05-06 16:19:37', '2022-05-06 16:19:37', '1.00', '0.00', '4.00', '4.00', 4, 5, 5, 80),
(161, 'Josue do Nascimento Mesquita', '(98) 98136-4108', '013.398.453-26', '', 'Caixa Econômica Federal', '3126', '00039973-1', '(98) 981364108', '', '', 'MESQUITA', 'PJ', 1, '2022-05-06 16:54:14', '2022-05-06 16:54:14', '1.00', '0.00', '4.00', '4.00', 4, 5, 5, 78),
(162, 'LUIS INACIO COUTO NETO', '(98) 98521-6821', '649.757.623-15', '', 'Caixa Econômica Federal', '', '', '64975762315', '', '', 'inacio', 'PJ', 1, '2022-05-06 17:00:29', '2022-05-06 17:00:29', '1.00', '0.00', '4.00', '4.00', 4, 5, 5, 79),
(163, 'ROBERTO DA SILVA OLIVEIRA', '(98) 98484-8507', '050.482.273-01', '', 'banco do brasil', '1027-8', '32435-3', '(98) 984848507', '', '', 'ROBERTO  OLIVEIRA', 'PJ', 1, '2022-05-06 17:46:10', '2022-05-06 17:46:10', '1.00', '0.00', '4.00', '4.00', 4, 5, 5, 77),
(164, 'Evaldo Moizinho Mendes', '(98) 99609-2407', '892.421.303-20', '', 'bradesco', '1181-9', '1000721-6', '', '03658431101', '01227385894', 'EVALDO', 'PJ', 1, '2022-05-06 18:33:58', '2022-05-06 18:33:58', '1.00', '0.00', '1.50', '1.50', 4, 4, 2, 79),
(165, 'EVANIO CASTRO FREITAS', '(99) 98135-6294', '027.887.983-77', '', 'bradesco', '1036', '623138-1', '', '', '', 'EVANIO', 'PJ', 1, '2022-05-06 18:37:17', '2022-05-06 18:37:17', '0.00', '0.00', '4.00', '4.00', 4, 4, 5, 76),
(166, 'VANDERLEY DE OZINO SILVA SANTOS', '(98) 99229-4269', '619.596.723-80', '', 'Caixa Econômica Federal', '4480', '20189-1', '619.596.723-80', '06205885433', '01106235239', 'VANDERLEY ', 'PJ', 1, '2022-05-06 19:00:06', '2022-05-06 19:00:06', '1.00', '0.00', '4.00', '4.00', 4, 5, 1, 80),
(167, 'FABIANA DE ALMEIDA CARDOSO', '(99) 98145-4961', '962.260.053-00', '', 'bradesco', '1142-8', '0008010-1', '', '06744005198', '00209855444', 'FABIANA', 'PJ', 1, '2022-05-06 19:32:00', '2022-05-06 19:32:00', '1.00', '0.00', '4.00', '4.00', 4, 4, 2, 76),
(168, 'HAIRTON PEREIRA MATILDE', '(98) 99101-5701', '018.593.973-28', '', 'bradesco', '1080-4', '1001485-9', '', '', '', 'HAIRTON', 'PJ', 1, '2022-05-06 19:45:52', '2022-05-06 19:45:52', '1.00', '0.00', '4.00', '4.00', 4, 4, 5, 76),
(169, 'MAURO ROBERTO SOUZA MESQUITA', '(99) 98173-6013', '580.772.003-20', '', 'bradesco Next - 237', '7160-9', '6477106-0', '', '', '', 'MAURO MESQUITA ', 'PJ', 1, '2022-05-06 19:57:34', '2022-05-06 19:57:34', '1.00', '0.00', '3.00', '3.00', 4, 4, 5, 76),
(170, 'RAIFRAN DE OLIVEIRA', '(99) 98202-9334', '045.170.423-16', '', 'bradesco', '3750', '540482-7', '', '', '', 'RAIFRAN', 'PJ', 1, '2022-05-06 20:08:31', '2022-05-06 20:08:31', '1.00', '0.00', '4.00', '4.00', 4, 4, 5, 76);

-- --------------------------------------------------------

--
-- Estrutura da tabela `entregador_servicos`
--

CREATE TABLE `entregador_servicos` (
  `id` int(11) NOT NULL,
  `entregadores_id` int(11) NOT NULL,
  `servicos_id` int(11) NOT NULL
) ENGINE=InnoDB DEFAULT CHARSET=utf8mb4;

--
-- Extraindo dados da tabela `entregador_servicos`
--

INSERT INTO `entregador_servicos` (`id`, `entregadores_id`, `servicos_id`) VALUES
(50, 70, 3),
(56, 73, 1),
(57, 73, 5),
(66, 78, 1),
(67, 78, 5),
(70, 80, 1),
(71, 80, 5),
(74, 82, 3),
(75, 82, 4),
(76, 83, 1),
(77, 83, 3),
(78, 83, 5),
(82, 85, 4),
(85, 87, 1),
(86, 87, 5),
(87, 88, 5),
(88, 88, 3),
(89, 88, 5),
(90, 89, 1),
(91, 89, 5),
(92, 90, 1),
(93, 90, 3),
(94, 90, 5),
(95, 91, 1),
(96, 91, 3),
(97, 91, 4),
(98, 91, 5),
(99, 92, 1),
(100, 92, 5),
(107, 95, 3),
(108, 95, 4),
(109, 96, 1),
(110, 96, 3),
(111, 96, 4),
(112, 96, 5),
(113, 97, 1),
(114, 97, 3),
(115, 97, 4),
(116, 97, 5),
(117, 98, 1),
(118, 98, 3),
(119, 98, 4),
(120, 98, 5),
(121, 99, 1),
(122, 99, 3),
(123, 99, 4),
(124, 99, 5),
(125, 100, 1),
(126, 100, 3),
(127, 100, 4),
(128, 100, 5),
(129, 101, 1),
(130, 101, 3),
(131, 101, 4),
(132, 101, 5),
(133, 102, 1),
(134, 102, 3),
(135, 102, 4),
(136, 102, 5),
(137, 103, 1),
(138, 103, 3),
(139, 103, 4),
(140, 103, 5),
(148, 106, 1),
(149, 106, 3),
(150, 106, 4),
(151, 106, 5),
(157, 129, 1),
(158, 129, 4),
(159, 129, 5),
(160, 130, 1),
(161, 130, 4),
(162, 130, 5),
(163, 131, 1),
(164, 131, 3),
(165, 131, 4),
(166, 131, 5),
(167, 132, 1),
(168, 132, 3),
(169, 132, 4),
(170, 132, 5),
(171, 133, 1),
(172, 133, 4),
(173, 133, 5),
(174, 134, 1),
(175, 134, 5),
(176, 135, 1),
(177, 135, 5),
(178, 136, 1),
(179, 136, 3),
(180, 136, 4),
(181, 136, 5),
(182, 137, 1),
(183, 137, 5),
(184, 138, 3),
(185, 138, 4),
(186, 139, 3),
(187, 139, 4),
(188, 140, 3),
(189, 140, 4),
(190, 141, 3),
(191, 141, 4),
(192, 142, 1),
(193, 142, 5),
(194, 143, 1),
(195, 143, 3),
(196, 143, 5),
(197, 144, 1),
(198, 144, 3),
(199, 144, 5),
(200, 145, 1),
(201, 145, 3),
(202, 145, 5),
(205, 147, 3),
(206, 147, 5),
(207, 147, 1),
(212, 149, 3),
(213, 149, 5),
(214, 149, 1),
(215, 150, 3),
(216, 150, 5),
(217, 150, 1),
(218, 151, 3),
(219, 151, 5),
(220, 151, 1),
(221, 152, 3),
(222, 152, 5),
(223, 152, 1),
(224, 153, 3),
(225, 153, 5),
(226, 153, 1),
(227, 154, 3),
(228, 154, 5),
(229, 154, 1),
(236, 157, 1),
(237, 158, 3),
(238, 158, 5),
(239, 158, 1),
(240, 159, 3),
(241, 159, 5),
(242, 159, 1),
(243, 160, 3),
(244, 160, 5),
(245, 160, 1),
(246, 161, 3),
(247, 161, 5),
(248, 161, 1),
(249, 162, 3),
(250, 162, 5),
(251, 162, 1),
(252, 163, 3),
(253, 163, 5),
(254, 163, 1),
(255, 164, 3),
(256, 164, 5),
(257, 164, 1),
(258, 165, 5),
(259, 165, 1),
(260, 166, 3),
(261, 166, 5),
(262, 166, 1),
(263, 167, 3),
(264, 167, 5),
(265, 167, 1),
(266, 168, 3),
(267, 168, 5),
(268, 168, 1),
(269, 169, 3),
(270, 169, 5),
(271, 169, 1),
(272, 170, 3),
(273, 170, 5),
(274, 170, 1);

-- --------------------------------------------------------

--
-- Estrutura da tabela `entregador_setores`
--

CREATE TABLE `entregador_setores` (
  `id` int(11) NOT NULL,
  `entregadores_id` int(11) NOT NULL,
  `setores_id` int(11) NOT NULL,
  `valor` int(11) DEFAULT NULL
) ENGINE=InnoDB DEFAULT CHARSET=utf8mb4;

--
-- Extraindo dados da tabela `entregador_setores`
--

INSERT INTO `entregador_setores` (`id`, `entregadores_id`, `setores_id`, `valor`) VALUES
(32, 70, 3, 1),
(36, 73, 1, 1),
(41, 78, 1, 1),
(43, 80, 1, 1),
(45, 82, 3, 1),
(46, 83, 1, 1),
(47, 83, 3, 1),
(50, 85, 3, 1),
(52, 87, 1, 1),
(53, 88, 1, 1),
(54, 88, 3, 1),
(55, 89, 1, 1),
(56, 90, 1, 1),
(57, 90, 3, 1),
(58, 91, 1, 1),
(59, 91, 3, 1),
(60, 92, 1, 1),
(64, 95, 3, 1),
(65, 96, 1, 1),
(66, 96, 3, 1),
(67, 97, 1, 1),
(68, 97, 3, 1),
(69, 98, 1, 1),
(70, 98, 3, 1),
(71, 99, 1, 1),
(72, 99, 3, 1),
(73, 100, 1, 1),
(74, 100, 3, 1),
(75, 101, 1, 1),
(76, 101, 3, 1),
(77, 102, 1, 1),
(78, 102, 3, 1),
(79, 103, 1, 1),
(80, 103, 3, 1),
(85, 106, 1, 1),
(86, 106, 3, 1),
(91, 129, 1, 1),
(92, 129, 3, 1),
(93, 130, 1, 1),
(94, 130, 3, 1),
(95, 131, 1, 1),
(96, 131, 3, 1),
(97, 132, 1, 1),
(98, 132, 3, 1),
(99, 133, 1, 1),
(100, 133, 3, 1),
(101, 134, 1, 1),
(102, 135, 1, 1),
(103, 136, 1, 1),
(104, 136, 3, 1),
(105, 137, 1, 1),
(106, 138, 3, 1),
(107, 139, 3, 1),
(108, 140, 3, 1),
(109, 141, 3, 1),
(110, 142, 1, 1),
(111, 143, 1, 1),
(112, 143, 3, 1),
(113, 144, 1, 1),
(114, 144, 3, 1),
(115, 145, 1, 1),
(116, 145, 3, 1),
(119, 147, 1, 1),
(120, 147, 3, 1),
(123, 149, 1, 1),
(124, 149, 3, 1),
(125, 150, 1, 1),
(126, 150, 3, 1),
(127, 151, 1, 1),
(128, 151, 3, 1),
(129, 152, 1, 1),
(130, 152, 3, 1),
(131, 153, 1, 1),
(132, 153, 3, 1),
(133, 154, 1, 1),
(134, 154, 3, 1),
(139, 157, 1, 1),
(140, 158, 1, 1),
(141, 158, 3, 1),
(142, 159, 1, 1),
(143, 159, 3, 1),
(144, 160, 1, 1),
(145, 160, 3, 1),
(146, 161, 1, 1),
(147, 161, 3, 1),
(148, 162, 1, 1),
(149, 162, 3, 1),
(150, 163, 1, 1),
(151, 163, 3, 1),
(152, 164, 1, 1),
(153, 164, 3, 1),
(154, 165, 1, 1),
(155, 166, 1, 1),
(156, 166, 3, 1),
(157, 167, 1, 1),
(158, 167, 3, 1),
(159, 168, 1, 1),
(160, 168, 3, 1),
(161, 169, 1, 1),
(162, 169, 3, 1),
(163, 170, 1, 1),
(164, 170, 3, 1);

-- --------------------------------------------------------

--
-- Estrutura da tabela `forma_pagamento`
--

CREATE TABLE `forma_pagamento` (
  `id` int(11) NOT NULL,
  `nome` varchar(100) DEFAULT NULL
) ENGINE=InnoDB DEFAULT CHARSET=utf8mb4;

--
-- Extraindo dados da tabela `forma_pagamento`
--

INSERT INTO `forma_pagamento` (`id`, `nome`) VALUES
(4, 'Dinheiro'),
(5, 'Pix');

-- --------------------------------------------------------

--
-- Estrutura da tabela `gaiolas`
--

CREATE TABLE `gaiolas` (
  `id` int(11) NOT NULL,
  `data` timestamp NULL DEFAULT current_timestamp(),
  `nome` varchar(45) DEFAULT NULL,
  `qtd` int(11) DEFAULT NULL
) ENGINE=InnoDB DEFAULT CHARSET=utf8mb4;

--
-- Extraindo dados da tabela `gaiolas`
--

INSERT INTO `gaiolas` (`id`, `data`, `nome`, `qtd`) VALUES
(39, '2022-01-27 23:00:54', 'ROTA 01 - PAÇO ', -342),
(40, '2022-02-04 23:07:54', 'ROTA 02 - ELDORADO', 319),
(41, '2022-02-04 23:07:54', 'ROTA 03 - RECANTO', -21),
(42, '2022-02-04 23:07:54', 'ROTA 04 - VINHAIS ', 0),
(43, '2022-02-04 23:07:54', 'ROTA 05 - ANIL ', 125),
(44, '2022-02-04 23:07:54', 'ROTA 06 - VILA PALMEIRA', 38),
(45, '2022-02-04 23:07:54', 'ROTA 07 - COROADINHO', -252),
(46, '2022-02-04 23:07:54', 'ROTA 08 - SÃO FRANCISCO', -180),
(47, '2022-02-04 23:07:54', 'ROTA 09 - PONTA DO FAROL ', 0),
(48, '2022-02-04 23:07:54', 'ROTA 10 - CIDADE OPERÁRIA', 574),
(49, '2022-02-04 23:07:54', 'ROTA 100 - BACABAL', -30),
(50, '2022-02-04 23:07:54', 'ROTA 101 - LAGO DA PEDRA', 0),
(51, '2022-02-04 23:07:54', 'ROTA 102 - BARRA DO CORDA', 0),
(52, '2022-02-04 23:07:54', 'ROTA 103 - COROATÁ ', 0),
(53, '2022-02-04 23:07:54', 'ROTA 104 - COLINAS', 0),
(54, '2022-02-04 23:07:54', 'ROTA 105 - DOM PEDRO ', 0),
(55, '2022-02-04 23:07:54', 'ROTA 106 - PRES. DUTRA/TUNTUM', 0),
(56, '2022-02-04 23:07:54', 'ROTA 107 - PEDREIRAS/TRIZIDELA', 0),
(57, '2022-02-04 23:07:54', 'ROTA 108 - SÃO MATEUS ', 0),
(58, '2022-02-04 23:07:54', 'ROTA 109 - ROSÁRIO', 0),
(59, '2022-02-04 23:07:54', 'ROTA 11 - COHATRAC', 0),
(60, '2022-02-04 23:07:54', 'ROTA 110 - BARREIRINHAS', 0),
(61, '2022-02-04 23:07:54', 'ROTA 111 - ZÉ DOCA', 0),
(62, '2022-02-04 23:07:54', 'ROTA 112 - SANTA INÊ', 0),
(63, '2022-02-04 23:07:54', 'ROTA 113 - SANTA LUZIA', 0),
(64, '2022-02-04 23:07:54', 'ROTA 114 - VIANA/ARARI', 0),
(65, '2022-02-04 23:07:54', 'ROTA 115 - SÃO BENTO ', 0),
(66, '2022-02-04 23:07:54', 'ROTA 116 - PINHEIRO', 0),
(67, '2022-02-04 23:07:54', 'ROTA 117 - CURURUPU', 0),
(68, '2022-02-04 23:07:54', 'ROTA 12 - LIBERDADE/CENTRO ', 751),
(69, '2022-02-04 23:07:54', 'ROTA 121 - CAROLINA/ESTREITO/GRAJAÚ/J.LISBOA', 0),
(70, '2022-02-04 23:07:54', 'ROTA 122 - IMPERATRIZ', 0),
(71, '2022-02-04 23:07:54', 'ROTA 123 - BALSAS', 0),
(72, '2022-02-04 23:07:54', 'ROTA 124 - AÇAILÂNDIA', 0),
(73, '2022-02-04 23:07:54', 'ROTA 13 - COHAB', 8),
(74, '2022-02-04 23:07:54', 'ROTA 14 - ARAÇAGY', 183),
(75, '2022-02-04 23:07:54', 'ROTA 15 - BR', 10),
(76, '2022-02-04 23:07:54', 'ROTA 16 - SÃO CRISTÓVÃO', 351),
(77, '2022-02-04 23:07:54', 'ROTA 17 - ANJO DA GUARDA', 473),
(78, '2022-02-04 23:07:54', 'ROTA 18 - RENASCENÇA', -167),
(79, '2022-02-04 23:07:54', 'ROTA 19 - TURU', 28),
(80, '2022-02-04 23:07:54', 'ROTA 20 - OLHO DÁGUA', 0),
(81, '2022-02-04 23:07:54', 'ROTA 50 - CANTINHO DO CÉU', 77),
(82, '2022-02-04 23:07:54', 'ROTA 51 - DIVINÉIA ', 0),
(83, '2022-02-04 23:07:54', 'ROTA 52 - CENTRO', 1172),
(84, '2022-02-04 23:07:54', 'ROTA 53 - VILA EMBRATE', 0),
(85, '2022-02-04 23:07:54', 'ROTA 54 - TIRIRICAL', 0),
(86, '2022-02-04 23:07:54', 'ROTA 55 - PONTA DA AREIA', -9),
(87, '2022-02-04 23:07:54', 'ROTA 56 - FORQUILHA', 0),
(88, '2022-02-04 23:07:54', 'ROTA 57 - CIDADE OLÍMPICA', 0),
(89, '2022-02-04 23:07:54', 'ROTA 58 - SÃO JOSÉ DE RIBAMAR', 122),
(90, '2022-02-22 16:32:27', 'ROTA 500', 0),
(91, '2022-02-22 16:33:10', 'ROTA 501', 0),
(92, '2022-02-22 16:33:46', 'ROTA 502', 0),
(93, '2022-02-22 16:34:12', 'ROTA 503', 0),
(94, '2022-02-22 16:34:30', 'ROTA 504', 0),
(95, '2022-02-22 16:34:59', 'ROTA 505', 0),
(96, '2022-02-22 16:35:20', 'ROTA 506', 0),
(97, '2022-02-22 16:35:42', 'ROTA 507', 0),
(98, '2022-02-22 16:36:07', 'ROTA 508', 0),
(99, '2022-02-22 16:36:33', 'ROTA 509', 0),
(100, '2022-02-22 16:36:54', 'ROTA 510', 0),
(101, '2022-02-22 16:37:17', 'ROTA 511', 0),
(102, '2022-02-22 16:37:45', 'ROTA 512', 0),
(103, '2022-02-22 16:38:08', 'ROTA 513', 0),
(104, '2022-02-22 16:38:32', 'ROTA 514', 0),
(105, '2022-02-22 16:38:59', 'ROTA 515', 0),
(106, '2022-02-22 16:39:27', 'ROTA 516', 0),
(107, '2022-02-22 16:39:47', 'ROTA 517', 0),
(108, '2022-02-22 16:40:17', 'ROTA 518', 0),
(109, '2022-02-22 16:40:46', 'ROTA 519', 0),
(110, '2022-02-22 16:41:20', 'ROTA 520', 0),
(111, '2022-02-22 17:31:19', 'ROTA 21 - RIBAMAR', 0),
(112, '2022-02-22 17:31:35', 'ROTA 22 - SHOPPING', 0),
(113, '2022-02-22 17:32:55', 'ROTA 118 - itapecuru', 0),
(114, '2022-02-22 17:33:16', 'rota 119 - chapadinha', 0),
(115, '2022-02-22 17:33:28', 'ROTA 120 - tutóia', 0);

-- --------------------------------------------------------

--
-- Estrutura da tabela `ocorrencias`
--

CREATE TABLE `ocorrencias` (
  `id` int(11) NOT NULL,
  `nome` varchar(100) DEFAULT NULL
) ENGINE=InnoDB DEFAULT CHARSET=utf8mb4;

--
-- Extraindo dados da tabela `ocorrencias`
--

INSERT INTO `ocorrencias` (`id`, `nome`) VALUES
(1, 'Endereço não encotrado'),
(2, 'Dificil acesso'),
(3, 'Moto apreendida'),
(6, 'Ausente');

-- --------------------------------------------------------

--
-- Estrutura da tabela `producao`
--

CREATE TABLE `producao` (
  `id` int(11) NOT NULL,
  `data` timestamp NULL DEFAULT current_timestamp(),
  `data_inicio` date DEFAULT NULL,
  `data_fim` date DEFAULT NULL,
  `qtd` int(11) DEFAULT NULL,
  `status` int(11) DEFAULT NULL,
  `entregadores_id` int(11) NOT NULL,
  `receber_id` int(11) NOT NULL,
  `regioes_id` int(11) NOT NULL,
  `usuarios_id` int(11) NOT NULL
) ENGINE=InnoDB DEFAULT CHARSET=utf8mb4;

--
-- Extraindo dados da tabela `producao`
--

INSERT INTO `producao` (`id`, `data`, `data_inicio`, `data_fim`, `qtd`, `status`, `entregadores_id`, `receber_id`, `regioes_id`, `usuarios_id`) VALUES
(167, '2022-02-23 18:28:32', '2022-01-04', '2022-01-06', 0, 2, 73, 209, 74, 4),
(168, '2022-02-23 18:30:15', '2022-01-05', '2022-01-07', 0, 2, 73, 210, 74, 4),
(169, '2022-02-23 18:31:44', '2022-01-06', '2022-01-08', 0, 2, 73, 211, 74, 4),
(170, '2022-02-23 18:33:12', '2022-01-07', '2022-01-09', 0, 2, 73, 212, 74, 4),
(171, '2022-02-23 18:35:29', '2022-01-08', '2022-01-10', 0, 2, 73, 213, 74, 4),
(172, '2022-02-23 18:37:44', '2022-01-09', '2022-01-11', 0, 2, 73, 214, 74, 4),
(173, '2022-02-23 18:39:10', '2022-01-10', '2022-01-12', 0, 2, 73, 215, 74, 4),
(174, '2022-02-23 18:40:46', '2022-01-11', '2022-01-13', 0, 2, 73, 216, 74, 4),
(175, '2022-02-23 18:42:54', '2022-01-12', '2022-01-14', 0, 2, 73, 217, 74, 4),
(176, '2022-02-23 18:45:06', '2022-01-13', '2022-01-15', 0, 2, 73, 218, 74, 4),
(177, '2022-02-23 18:50:06', '2022-01-14', '2022-01-16', 0, 2, 73, 219, 74, 4),
(178, '2022-02-23 18:53:48', '2022-01-15', '2022-01-17', 0, 2, 73, 220, 74, 4),
(179, '2022-02-23 19:03:36', '2022-01-16', '2022-01-18', 0, 2, 73, 221, 74, 4),
(180, '2022-02-23 19:05:05', '2022-01-17', '2022-01-19', 0, 2, 73, 222, 74, 4),
(181, '2022-02-23 19:06:46', '2022-01-18', '2022-01-20', 0, 2, 73, 223, 74, 4),
(182, '2022-02-23 19:09:08', '2022-01-19', '2022-01-21', 0, 2, 73, 224, 74, 4),
(183, '2022-02-23 19:10:36', '2022-01-20', '2022-01-22', 0, 2, 73, 225, 74, 4),
(184, '2022-02-23 19:12:19', '2022-01-21', '2022-01-23', 0, 2, 73, 226, 74, 4),
(185, '2022-02-23 19:13:59', '2022-01-22', '2022-01-24', 0, 2, 73, 227, 74, 4),
(186, '2022-02-23 19:16:04', '2022-01-23', '2022-01-25', 0, 2, 73, 228, 74, 4),
(187, '2022-02-23 19:18:17', '2022-01-24', '2022-01-26', 0, 2, 73, 229, 74, 4),
(188, '2022-02-23 19:19:44', '2022-01-25', '2022-01-27', 0, 2, 73, 230, 74, 4),
(189, '2022-02-23 19:21:58', '2022-01-26', '2022-01-28', 0, 2, 73, 231, 74, 4),
(190, '2022-02-23 19:24:13', '2022-01-27', '2022-01-29', 0, 2, 73, 232, 74, 4),
(191, '2022-02-23 19:25:23', '2022-01-29', '2022-01-31', 0, 2, 73, 233, 74, 4),
(192, '2022-02-23 19:27:23', '2022-01-31', '2022-02-02', 0, 2, 73, 234, 74, 4),
(193, '2022-02-23 19:46:10', '2022-01-04', '2022-01-06', 0, 2, 73, 235, 74, 4),
(194, '2022-02-23 19:47:22', '2022-01-05', '2022-01-07', 0, 2, 73, 236, 74, 4),
(195, '2022-02-23 19:48:18', '2022-01-09', '2022-01-11', 0, 2, 73, 237, 74, 4),
(196, '2022-02-23 19:50:36', '2022-01-10', '2022-01-12', 0, 2, 73, 238, 74, 4),
(197, '2022-02-23 19:52:39', '2022-01-11', '2022-01-13', 0, 2, 73, 239, 74, 4),
(198, '2022-02-23 19:53:52', '2022-01-15', '2022-01-17', 0, 2, 73, 240, 74, 4),
(199, '2022-02-23 19:56:44', '2022-01-18', '2022-01-20', 0, 2, 73, 242, 74, 4),
(200, '2022-02-23 19:59:05', '2022-01-19', '2022-01-21', 0, 2, 73, 243, 74, 4),
(201, '2022-02-23 20:01:21', '2022-01-24', '2022-01-26', 0, 2, 73, 244, 74, 4),
(202, '2022-02-23 20:03:03', '2022-01-25', '2022-01-27', 0, 2, 73, 245, 74, 4),
(203, '2022-02-23 20:05:20', '2022-01-28', '2022-01-30', 0, 2, 73, 246, 74, 4),
(204, '2022-02-23 20:07:27', '2022-01-29', '2022-01-31', 0, 2, 73, 247, 74, 4),
(205, '2022-02-23 20:08:50', '2022-01-31', '2022-02-02', 0, 2, 73, 248, 74, 4),
(206, '2022-02-23 20:11:18', '2022-01-17', '2022-01-19', 0, 2, 73, 241, 74, 4),
(207, '2022-02-23 20:23:55', '2022-01-05', '2022-01-07', 0, 2, 73, 249, 74, 4),
(208, '2022-02-23 20:25:19', '2022-01-07', '2022-01-09', 0, 2, 73, 250, 74, 4),
(209, '2022-02-23 20:27:19', '2022-01-08', '2022-01-10', 0, 2, 73, 251, 74, 4),
(210, '2022-02-23 20:29:08', '2022-01-18', '2022-01-20', 0, 2, 73, 252, 74, 4),
(214, '2022-02-24 16:24:42', '2022-01-29', '2022-01-31', 0, 2, 73, 256, 74, 4),
(215, '2022-02-24 16:31:34', '2022-01-24', '2022-01-26', 0, 2, 73, 257, 74, 4),
(216, '2022-02-24 16:36:15', '2022-01-25', '2022-01-27', 0, 2, 73, 258, 74, 4),
(217, '2022-02-24 16:37:35', '2022-01-26', '2022-01-28', 0, 2, 73, 259, 74, 4),
(218, '2022-02-24 16:42:22', '2022-01-28', '2022-01-30', 0, 2, 73, 260, 74, 4),
(219, '2022-02-24 16:43:39', '2022-01-31', '2022-02-02', 0, 2, 73, 261, 74, 4),
(222, '2022-03-08 16:56:08', '2022-01-24', '2022-01-26', 0, 2, 96, 264, 74, 4),
(223, '2022-03-08 17:04:29', '2022-01-25', '2022-01-27', 0, 2, 96, 265, 74, 4),
(224, '2022-03-08 17:07:42', '2022-01-26', '2022-01-28', 0, 2, 96, 266, 74, 4),
(225, '2022-03-08 17:17:01', '2022-01-27', '2022-01-29', 0, 2, 96, 267, 74, 4),
(226, '2022-03-08 17:24:50', '2022-01-28', '2022-01-30', 0, 2, 96, 268, 74, 4),
(227, '2022-03-08 17:44:18', '2022-01-29', '2022-01-31', 0, 2, 96, 269, 74, 4),
(228, '2022-03-08 17:52:38', '2022-01-31', '2022-02-02', 0, 2, 96, 270, 74, 4),
(229, '2022-03-08 18:17:11', '2022-01-05', '2022-01-07', 0, 2, 96, 272, 74, 4),
(230, '2022-03-08 18:24:16', '2022-01-06', '2022-01-08', 0, 2, 96, 273, 74, 4),
(231, '2022-03-08 18:32:57', '2022-01-13', '2022-01-15', 0, 2, 96, 274, 74, 4),
(232, '2022-03-08 18:42:59', '2022-01-24', '2022-01-26', 0, 2, 96, 275, 74, 4),
(233, '2022-03-08 18:58:14', '2022-01-25', '2022-01-27', 0, 2, 96, 276, 74, 4),
(234, '2022-03-08 19:06:49', '2022-01-26', '2022-01-28', 0, 2, 96, 277, 74, 4),
(235, '2022-03-08 19:19:33', '2022-01-27', '2022-01-29', 0, 2, 96, 278, 74, 4),
(236, '2022-03-08 19:34:21', '2022-01-31', '2022-02-02', 0, 2, 96, 279, 74, 4),
(237, '2022-03-10 16:44:53', '2022-01-05', '2022-01-07', 0, 2, 96, 280, 74, 4),
(238, '2022-03-10 16:48:17', '2022-01-07', '2022-01-09', 0, 2, 96, 281, 74, 4),
(239, '2022-03-10 19:48:31', '2022-01-08', '2022-01-10', 0, 2, 96, 282, 74, 4),
(241, '2022-03-10 19:59:06', '2022-01-11', '2022-01-13', 0, 2, 96, 284, 74, 4),
(242, '2022-03-10 20:04:00', '2022-01-12', '2022-01-14', 0, 2, 96, 285, 74, 4),
(245, '2022-03-11 15:16:59', '2022-01-24', '2022-01-26', 0, 2, 96, 288, 74, 4),
(246, '2022-03-11 16:04:40', '2022-01-25', '2022-01-27', 0, 2, 96, 289, 74, 4),
(247, '2022-03-11 16:15:49', '2022-01-13', '2022-01-15', 0, 2, 96, 290, 74, 4),
(248, '2022-03-11 16:24:56', '2022-01-26', '2022-01-28', 0, 2, 96, 291, 74, 4),
(249, '2022-03-11 16:34:07', '2022-01-26', '2022-01-28', 0, 2, 96, 292, 74, 4),
(250, '2022-03-11 16:46:43', '2022-01-27', '2022-01-29', 0, 2, 96, 293, 74, 4),
(251, '2022-03-11 16:54:17', '2022-01-28', '2022-01-30', 0, 2, 96, 294, 74, 4),
(252, '2022-03-16 16:58:15', '2022-01-03', '2022-01-05', 0, 2, 97, 295, 74, 4),
(253, '2022-03-16 17:00:12', '2022-01-04', '2022-01-06', 0, 2, 97, 296, 74, 4),
(254, '2022-03-16 17:03:17', '2022-01-05', '2022-01-07', 0, 2, 97, 298, 74, 4),
(255, '2022-03-16 17:15:39', '2022-01-06', '2022-01-08', 0, 2, 97, 299, 74, 4),
(256, '2022-03-16 17:23:15', '2022-01-07', '2022-01-09', 0, 2, 97, 300, 74, 4),
(257, '2022-03-16 17:31:46', '2022-01-08', '2022-01-10', 0, 2, 97, 301, 74, 4),
(258, '2022-03-16 17:44:59', '2022-01-10', '2022-01-12', 0, 2, 97, 302, 74, 4),
(259, '2022-03-16 17:54:36', '2022-01-11', '2022-01-13', 0, 2, 97, 303, 74, 4),
(260, '2022-03-16 18:33:13', '2022-01-12', '2022-01-14', 0, 2, 97, 304, 74, 4),
(261, '2022-03-16 18:41:11', '2022-01-13', '2022-01-15', 0, 2, 97, 305, 74, 4),
(262, '2022-03-16 18:45:25', '2022-01-15', '2022-01-17', 0, 2, 97, 306, 74, 4),
(263, '2022-03-16 18:48:18', '2022-01-17', '2022-01-19', 0, 2, 97, 307, 74, 4),
(264, '2022-03-16 18:50:05', '2022-01-18', '2022-01-20', 0, 2, 97, 308, 74, 4),
(265, '2022-03-16 18:51:20', '2022-01-19', '2022-01-21', 0, 2, 97, 309, 74, 4),
(267, '2022-03-16 18:59:15', '2022-01-21', '2022-01-23', 0, 2, 97, 311, 74, 4),
(268, '2022-03-16 19:17:39', '2022-01-24', '2022-01-26', 0, 2, 97, 312, 74, 4),
(269, '2022-03-16 19:26:07', '2022-01-25', '2022-01-27', 0, 2, 97, 313, 74, 4),
(270, '2022-03-16 19:30:50', '2022-01-26', '2022-01-28', 0, 2, 97, 314, 74, 4),
(271, '2022-03-16 19:36:50', '2022-01-27', '2022-01-29', 0, 2, 97, 315, 74, 4),
(272, '2022-03-16 19:49:59', '2022-01-28', '2022-01-30', 0, 2, 97, 316, 74, 4),
(273, '2022-03-17 16:23:18', '2022-01-29', '2022-01-31', 0, 2, 97, 317, 74, 4),
(274, '2022-03-17 16:28:45', '2022-01-31', '2022-02-02', 0, 2, 97, 318, 74, 4),
(275, '2022-03-17 16:41:39', '2022-01-04', '2022-01-06', 0, 2, 97, 319, 74, 4),
(276, '2022-03-17 18:56:39', '2022-01-06', '2022-01-08', 0, 2, 97, 320, 74, 4),
(277, '2022-03-17 19:45:36', '2022-01-07', '2022-01-09', 0, 2, 97, 321, 74, 4),
(278, '2022-03-17 19:53:16', '2022-01-11', '2022-01-13', 0, 2, 97, 322, 74, 4),
(279, '2022-03-18 16:22:49', '2022-01-18', '2022-01-20', 0, 2, 97, 323, 74, 4),
(280, '2022-03-18 16:30:54', '2022-01-20', '2022-01-22', 0, 2, 97, 324, 74, 4),
(281, '2022-03-18 16:38:34', '2022-01-21', '2022-01-23', 0, 2, 97, 325, 74, 4),
(282, '2022-03-18 16:52:00', '2022-01-24', '2022-01-26', 0, 2, 97, 326, 74, 4),
(283, '2022-03-18 16:58:23', '2022-01-25', '2022-01-27', 0, 2, 97, 327, 74, 4),
(284, '2022-03-18 17:02:45', '2022-01-28', '2022-01-30', 0, 2, 97, 328, 74, 4),
(285, '2022-03-18 17:08:06', '2022-01-29', '2022-01-31', 0, 2, 97, 329, 74, 4),
(286, '2022-03-18 17:13:46', '2022-01-31', '2022-02-02', 0, 2, 97, 330, 74, 4),
(287, '2022-03-18 17:37:32', '2022-01-05', '2022-01-07', 0, 2, 97, 331, 74, 4),
(288, '2022-03-18 17:41:39', '2022-01-06', '2022-01-08', 0, 2, 97, 332, 74, 4),
(289, '2022-03-18 17:48:04', '2022-01-07', '2022-01-09', 0, 2, 97, 333, 74, 4),
(290, '2022-03-18 18:08:51', '2022-01-08', '2022-01-10', 0, 2, 97, 334, 74, 4),
(291, '2022-03-18 18:13:59', '2022-01-11', '2022-01-13', 0, 2, 97, 335, 74, 4),
(292, '2022-03-18 18:30:40', '2022-01-12', '2022-01-14', 0, 2, 97, 336, 74, 4),
(294, '2022-03-18 18:35:57', '2022-01-18', '2022-01-20', 0, 2, 97, 339, 74, 4),
(295, '2022-03-18 19:07:24', '2022-01-19', '2022-01-21', 0, 2, 97, 340, 74, 4),
(297, '2022-03-20 21:55:05', '2022-01-01', '2022-01-03', 0, 2, 98, 342, 74, 4),
(298, '2022-03-20 21:56:45', '2022-01-05', '2022-01-07', 0, 2, 98, 343, 74, 4),
(299, '2022-03-20 21:58:22', '2022-01-06', '2022-01-08', 0, 2, 98, 344, 74, 4),
(300, '2022-03-20 22:00:03', '2022-01-07', '2022-01-09', 0, 2, 98, 345, 74, 4),
(301, '2022-03-20 22:02:04', '2022-01-08', '2022-01-10', 0, 2, 98, 346, 74, 4),
(302, '2022-03-20 22:03:17', '2022-01-09', '2022-01-11', 0, 2, 98, 347, 74, 4),
(303, '2022-03-20 22:04:24', '2022-01-11', '2022-01-13', 0, 2, 98, 348, 74, 4),
(304, '2022-03-20 22:05:43', '2022-01-12', '2022-01-14', 0, 2, 98, 349, 74, 4),
(305, '2022-03-20 22:07:02', '2022-01-13', '2022-01-15', 0, 2, 98, 350, 74, 4),
(306, '2022-03-20 22:08:43', '2022-01-14', '2022-01-16', 0, 2, 98, 351, 74, 4),
(307, '2022-03-20 22:10:06', '2022-01-17', '2022-01-19', 0, 2, 98, 352, 74, 4),
(308, '2022-03-20 22:11:44', '2022-01-18', '2022-01-20', 0, 2, 98, 353, 74, 4),
(310, '2022-03-20 22:15:06', '2022-01-19', '2022-01-21', 0, 2, 98, 355, 74, 4),
(311, '2022-03-20 22:16:13', '2022-01-20', '2022-01-22', 0, 2, 98, 356, 74, 4),
(312, '2022-03-20 22:17:32', '2022-01-21', '2022-01-23', 0, 2, 98, 357, 74, 4),
(313, '2022-03-20 22:18:42', '2022-01-24', '2022-01-26', 0, 2, 98, 358, 74, 4),
(314, '2022-03-20 22:20:04', '2022-01-25', '2022-01-27', 0, 2, 98, 359, 74, 4),
(315, '2022-03-20 22:21:14', '2022-01-26', '2022-01-28', 0, 2, 98, 360, 74, 4),
(316, '2022-03-20 22:22:31', '2022-01-27', '2022-01-29', 0, 2, 98, 361, 74, 4),
(317, '2022-03-20 22:24:07', '2022-01-28', '2022-01-30', 0, 2, 98, 362, 74, 4),
(318, '2022-03-20 22:25:18', '2022-01-29', '2022-01-31', 0, 2, 98, 363, 74, 4),
(319, '2022-03-20 22:26:21', '2022-01-30', '2022-02-01', 0, 2, 98, 364, 74, 4),
(320, '2022-03-20 22:27:30', '2022-01-31', '2022-02-02', 0, 2, 98, 365, 74, 4),
(321, '2022-03-20 22:31:21', '2022-01-03', '2022-01-05', 0, 2, 99, 366, 74, 4),
(322, '2022-03-20 22:32:59', '2022-01-04', '2022-01-06', 0, 2, 99, 367, 74, 4),
(323, '2022-03-20 22:34:45', '2022-01-06', '2022-01-08', 0, 2, 99, 368, 74, 4),
(324, '2022-03-20 22:36:33', '2022-01-07', '2022-01-09', 0, 2, 99, 369, 74, 4),
(325, '2022-03-20 22:38:01', '2022-01-08', '2022-01-10', 0, 2, 99, 370, 74, 4),
(326, '2022-03-20 22:39:07', '2022-01-10', '2022-01-12', 0, 2, 99, 371, 74, 4),
(327, '2022-03-20 22:40:42', '2022-01-11', '2022-01-13', 0, 2, 99, 372, 74, 4),
(328, '2022-03-20 22:42:13', '2022-01-12', '2022-01-14', 0, 2, 99, 373, 74, 4),
(329, '2022-03-20 22:43:23', '2022-01-13', '2022-01-15', 0, 2, 99, 374, 74, 4),
(330, '2022-03-20 22:51:12', '2022-01-14', '2022-01-16', 0, 2, 99, 375, 74, 4),
(331, '2022-03-20 22:52:22', '2022-01-15', '2022-01-17', 0, 2, 99, 376, 74, 4),
(332, '2022-03-20 22:54:06', '2022-01-17', '2022-01-19', 0, 2, 99, 377, 74, 4),
(333, '2022-03-20 22:56:22', '2022-01-18', '2022-01-20', 0, 2, 99, 378, 74, 4),
(334, '2022-03-20 22:57:40', '2022-01-19', '2022-01-21', 0, 2, 99, 379, 74, 4),
(335, '2022-03-20 22:58:47', '2022-01-20', '2022-01-22', 0, 2, 99, 380, 74, 4),
(336, '2022-03-20 23:00:10', '2022-01-21', '2022-01-23', 0, 2, 99, 381, 74, 4),
(337, '2022-03-20 23:01:35', '2022-01-22', '2022-01-24', 0, 2, 99, 382, 74, 4),
(338, '2022-03-20 23:03:24', '2022-01-24', '2022-01-26', 0, 2, 99, 383, 74, 4),
(339, '2022-03-20 23:04:34', '2022-01-25', '2022-01-27', 0, 2, 99, 384, 74, 4),
(340, '2022-03-20 23:05:45', '2022-01-26', '2022-01-28', 0, 2, 99, 385, 74, 4),
(341, '2022-03-20 23:07:09', '2022-01-27', '2022-01-29', 0, 2, 99, 386, 74, 4),
(342, '2022-03-20 23:09:05', '2022-01-28', '2022-01-30', 0, 2, 99, 387, 74, 4),
(343, '2022-03-20 23:10:28', '2022-01-29', '2022-01-31', 0, 2, 99, 388, 74, 4),
(344, '2022-03-20 23:17:41', '2022-01-31', '2022-02-02', 0, 2, 99, 389, 74, 4),
(345, '2022-03-21 16:33:41', '2022-01-20', '2022-01-22', 0, 2, 97, 390, 74, 4),
(346, '2022-03-21 16:49:37', '2022-01-21', '2022-01-23', 0, 2, 97, 391, 74, 4),
(347, '2022-03-21 16:52:12', '2022-01-24', '2022-01-26', 0, 2, 97, 392, 74, 4),
(348, '2022-03-21 16:53:51', '2022-01-26', '2022-01-28', 0, 2, 97, 393, 74, 4),
(350, '2022-03-21 17:00:33', '2022-01-28', '2022-01-30', 0, 2, 97, 395, 74, 4),
(351, '2022-03-21 17:02:23', '2022-01-29', '2022-01-31', 0, 2, 97, 396, 74, 4),
(352, '2022-03-21 17:04:57', '2022-01-31', '2022-02-02', 0, 2, 97, 397, 74, 4),
(353, '2022-03-21 17:29:21', '2022-01-27', '2022-01-29', 0, 2, 97, 398, 74, 4),
(354, '2022-03-21 17:35:11', '2022-01-20', '2022-01-22', 0, 2, 97, 399, 74, 4),
(355, '2022-03-21 18:05:02', '2022-01-03', '2022-01-05', 0, 2, 98, 400, 74, 4),
(356, '2022-03-21 18:12:37', '2022-01-03', '2022-01-05', 0, 2, 98, 401, 74, 4),
(357, '2022-03-21 18:15:12', '2022-01-06', '2022-01-08', 0, 2, 98, 402, 74, 4),
(358, '2022-03-21 18:20:39', '2022-01-10', '2022-01-12', 0, 2, 98, 403, 74, 4),
(359, '2022-03-21 18:23:59', '2022-01-17', '2022-01-19', 0, 2, 98, 404, 74, 4),
(360, '2022-03-21 18:35:57', '2022-01-19', '2022-01-21', 0, 2, 98, 405, 74, 4),
(361, '2022-03-21 18:44:41', '2022-01-24', '2022-01-26', 0, 2, 98, 406, 74, 4),
(362, '2022-03-21 18:48:54', '2022-01-26', '2022-01-28', 0, 2, 98, 407, 74, 4),
(363, '2022-03-21 18:54:35', '2022-01-28', '2022-01-30', 0, 2, 98, 408, 74, 4),
(364, '2022-03-21 19:00:06', '2022-01-31', '2022-02-02', 0, 2, 98, 409, 74, 4),
(365, '2022-03-21 19:08:58', '2022-01-03', '2022-01-05', 0, 2, 98, 410, 74, 4),
(366, '2022-03-21 19:11:18', '2022-01-05', '2022-01-07', 0, 2, 98, 411, 74, 4),
(367, '2022-03-21 19:28:35', '2022-01-06', '2022-01-08', 0, 2, 98, 412, 74, 4),
(368, '2022-03-21 19:31:41', '2022-01-07', '2022-01-09', 0, 2, 98, 413, 74, 4),
(369, '2022-03-21 19:37:22', '2022-01-10', '2022-01-12', 0, 2, 98, 414, 74, 4),
(370, '2022-03-21 19:39:12', '2022-01-14', '2022-01-16', 0, 2, 98, 415, 74, 4),
(371, '2022-03-21 19:46:22', '2022-01-17', '2022-01-19', 0, 2, 98, 416, 74, 4),
(372, '2022-03-21 19:55:55', '2022-01-19', '2022-01-21', 0, 2, 98, 417, 74, 4),
(373, '2022-03-21 19:57:54', '2022-01-24', '2022-01-26', 0, 2, 98, 418, 74, 4),
(374, '2022-03-22 16:19:32', '2022-01-26', '2022-01-28', 0, 2, 98, 419, 74, 4),
(375, '2022-03-22 16:24:34', '2022-01-28', '2022-01-30', 0, 2, 98, 420, 74, 4),
(376, '2022-03-22 16:25:46', '2022-01-31', '2022-02-02', 0, 2, 98, 421, 74, 4),
(377, '2022-03-22 16:34:26', '2022-01-02', '2022-01-04', 0, 2, 106, 422, 74, 4),
(378, '2022-03-22 16:35:04', '2022-01-04', '2022-01-06', 0, 2, 99, 423, 74, 4),
(379, '2022-03-22 16:35:35', '2022-01-30', '2022-02-01', 0, 2, 106, 424, 74, 4),
(380, '2022-03-22 16:36:48', '2022-01-07', '2022-01-09', 0, 2, 99, 425, 74, 4),
(381, '2022-03-22 16:37:20', '2022-03-22', '2022-03-24', 0, 2, 106, 426, 74, 4),
(382, '2022-03-22 16:38:02', '2022-01-10', '2022-01-12', 0, 2, 99, 427, 74, 4),
(383, '2022-03-22 16:38:28', '2022-01-10', '2022-01-12', 0, 2, 106, 428, 74, 4),
(384, '2022-03-22 16:42:55', '2022-01-11', '2022-01-13', 0, 2, 99, 429, 74, 4),
(386, '2022-03-22 16:44:51', '2022-01-12', '2022-01-14', 0, 2, 99, 431, 74, 4),
(387, '2022-03-22 16:47:22', '2022-01-15', '2022-01-17', 0, 2, 99, 432, 74, 4),
(388, '2022-03-22 16:47:22', '2022-01-02', '2022-01-04', 0, 2, 106, 433, 74, 4),
(389, '2022-03-22 16:48:25', '2022-01-03', '2022-01-05', 0, 2, 106, 434, 74, 4),
(390, '2022-03-22 16:49:14', '2022-01-04', '2022-01-06', 0, 2, 106, 436, 74, 4),
(391, '2022-03-22 16:49:16', '2022-01-17', '2022-01-19', 0, 2, 99, 435, 74, 4),
(392, '2022-03-22 16:50:43', '2022-01-18', '2022-01-20', 0, 2, 106, 437, 74, 4),
(393, '2022-03-22 16:51:50', '2022-01-18', '2022-01-20', 0, 2, 99, 438, 74, 4),
(394, '2022-03-22 16:52:35', '2022-01-06', '2022-01-08', 0, 2, 106, 439, 74, 4),
(395, '2022-03-22 16:53:26', '2022-01-11', '2022-01-13', 0, 2, 106, 440, 74, 4),
(396, '2022-03-22 16:54:39', '2022-01-20', '2022-01-22', 0, 2, 99, 441, 74, 4),
(397, '2022-03-22 17:01:01', '2022-01-18', '2022-01-20', 0, 2, 78, 442, 74, 4),
(398, '2022-03-22 17:01:53', '2022-01-20', '2022-01-22', 0, 2, 78, 443, 74, 4),
(399, '2022-03-22 17:03:16', '2022-01-22', '2022-01-24', 0, 2, 78, 444, 74, 4),
(400, '2022-03-22 17:04:18', '2022-01-24', '2022-01-26', 0, 2, 78, 445, 74, 4),
(401, '2022-03-22 17:05:17', '2022-01-26', '2022-01-28', 0, 2, 78, 446, 74, 4),
(402, '2022-03-22 17:06:15', '2022-01-31', '2022-02-02', 0, 2, 78, 447, 74, 4),
(403, '2022-03-22 17:07:33', '2022-01-06', '2022-01-08', 0, 2, 78, 448, 74, 4),
(404, '2022-03-22 17:08:19', '2022-01-07', '2022-01-09', 0, 2, 78, 449, 74, 4),
(405, '2022-03-22 17:09:14', '2022-01-10', '2022-01-12', 0, 2, 78, 450, 74, 4),
(406, '2022-03-22 17:11:45', '2022-01-03', '2022-01-05', 0, 2, 78, 451, 74, 4),
(407, '2022-03-22 17:13:49', '2022-01-04', '2022-01-06', 0, 2, 78, 452, 74, 4),
(408, '2022-03-22 17:15:23', '2022-01-05', '2022-01-07', 0, 2, 78, 453, 74, 4),
(409, '2022-03-22 17:16:59', '2022-01-06', '2022-01-08', 0, 2, 78, 454, 74, 4),
(410, '2022-03-22 17:17:58', '2022-01-07', '2022-01-09', 0, 2, 78, 455, 74, 4),
(411, '2022-03-22 17:18:48', '2022-01-09', '2022-01-11', 0, 2, 78, 456, 74, 4),
(412, '2022-03-22 17:19:37', '2022-01-11', '2022-01-13', 0, 2, 78, 457, 74, 4),
(413, '2022-03-22 17:20:23', '2022-01-12', '2022-01-14', 0, 2, 78, 458, 74, 4),
(414, '2022-03-22 17:21:12', '2022-01-13', '2022-01-15', 0, 2, 78, 459, 74, 4),
(415, '2022-03-22 17:22:17', '2022-01-14', '2022-01-16', 0, 2, 78, 460, 74, 4),
(416, '2022-03-22 17:23:07', '2022-01-15', '2022-01-17', 0, 2, 78, 461, 74, 4),
(417, '2022-03-22 17:23:50', '2022-01-17', '2022-01-19', 0, 2, 78, 462, 74, 4),
(418, '2022-03-22 17:24:35', '2022-01-18', '2022-01-20', 0, 2, 78, 463, 74, 4),
(419, '2022-03-22 17:25:19', '2022-01-19', '2022-01-21', 0, 2, 78, 464, 74, 4),
(420, '2022-03-22 17:26:05', '2022-01-20', '2022-01-22', 0, 2, 78, 465, 74, 4),
(421, '2022-03-22 17:27:01', '2022-01-21', '2022-01-23', 0, 2, 78, 466, 74, 4),
(422, '2022-03-22 17:27:49', '2022-01-24', '2022-01-26', 0, 2, 78, 467, 74, 4),
(423, '2022-03-22 17:28:48', '2022-01-25', '2022-01-27', 0, 2, 78, 468, 74, 4),
(424, '2022-03-22 17:29:50', '2022-01-26', '2022-01-28', 0, 2, 78, 469, 74, 4),
(425, '2022-03-22 17:30:50', '2022-01-27', '2022-01-29', 0, 2, 78, 470, 74, 4),
(426, '2022-03-22 17:31:33', '2022-01-28', '2022-01-30', 0, 2, 78, 471, 74, 4),
(427, '2022-03-22 17:32:18', '2022-01-29', '2022-01-31', 0, 2, 78, 472, 74, 4),
(428, '2022-03-22 17:33:15', '2022-01-31', '2022-02-02', 0, 2, 78, 473, 74, 4),
(429, '2022-03-22 17:35:09', '2022-01-04', '2022-01-06', 0, 2, 78, 474, 74, 4),
(430, '2022-03-22 17:36:05', '2022-01-10', '2022-01-12', 0, 2, 78, 475, 74, 4),
(431, '2022-03-22 17:37:08', '2022-01-13', '2022-01-15', 0, 2, 78, 476, 74, 4),
(432, '2022-03-22 17:38:25', '2022-01-18', '2022-01-20', 0, 2, 78, 477, 74, 4),
(433, '2022-03-22 17:39:19', '2022-01-20', '2022-01-22', 0, 2, 78, 478, 74, 4),
(434, '2022-03-22 17:40:14', '2022-01-22', '2022-01-24', 0, 2, 78, 479, 74, 4),
(435, '2022-03-22 17:41:08', '2022-01-25', '2022-01-27', 0, 2, 78, 480, 74, 4),
(436, '2022-03-22 17:42:23', '2022-01-26', '2022-01-28', 0, 2, 78, 481, 74, 4),
(437, '2022-03-22 17:56:43', '2022-01-29', '2022-01-31', 0, 2, 78, 482, 74, 4),
(438, '2022-03-22 18:03:10', '2022-01-03', '2022-01-05', 0, 2, 101, 483, 74, 4),
(439, '2022-03-22 18:04:10', '2022-01-05', '2022-01-07', 0, 2, 101, 484, 74, 4),
(440, '2022-03-22 18:05:01', '2022-01-06', '2022-01-08', 0, 2, 101, 485, 74, 4),
(441, '2022-03-22 18:06:11', '2022-01-07', '2022-01-09', 0, 2, 101, 486, 74, 4),
(442, '2022-03-22 18:08:52', '2022-01-10', '2022-01-12', 0, 2, 101, 487, 74, 4),
(443, '2022-03-22 18:09:48', '2022-01-11', '2022-01-13', 0, 2, 101, 488, 74, 4),
(444, '2022-03-22 18:12:43', '2022-01-12', '2022-01-14', 0, 2, 101, 489, 74, 4),
(445, '2022-03-22 18:19:04', '2022-01-13', '2022-01-15', 0, 2, 101, 490, 74, 4),
(446, '2022-03-22 18:20:02', '2022-01-14', '2022-01-16', 0, 2, 101, 491, 74, 4),
(447, '2022-03-22 18:21:00', '2022-01-17', '2022-01-19', 0, 2, 101, 492, 74, 4),
(450, '2022-03-22 18:28:32', '2022-01-20', '2022-01-22', 0, 2, 101, 495, 74, 4),
(451, '2022-03-22 18:29:54', '2022-01-21', '2022-01-23', 0, 2, 101, 496, 74, 4),
(452, '2022-03-22 18:32:14', '2022-01-24', '2022-01-26', 0, 2, 101, 497, 74, 4),
(453, '2022-03-22 18:34:05', '2022-01-25', '2022-01-27', 0, 2, 101, 498, 74, 4),
(454, '2022-03-22 18:34:59', '2022-01-26', '2022-01-28', 0, 2, 101, 499, 74, 4),
(455, '2022-03-22 18:36:01', '2022-01-31', '2022-02-02', 0, 2, 101, 500, 74, 4),
(456, '2022-03-22 18:37:25', '2022-01-04', '2022-01-06', 0, 2, 101, 501, 74, 4),
(457, '2022-03-22 18:38:32', '2022-01-06', '2022-01-08', 0, 2, 101, 502, 74, 4),
(458, '2022-03-22 18:39:20', '2022-01-07', '2022-01-09', 0, 2, 101, 503, 74, 4),
(459, '2022-03-22 18:40:13', '2022-01-10', '2022-01-12', 0, 2, 101, 504, 74, 4),
(460, '2022-03-22 18:41:07', '2022-01-11', '2022-01-13', 0, 2, 101, 505, 74, 4),
(461, '2022-03-22 18:41:57', '2022-01-12', '2022-01-14', 0, 2, 101, 506, 74, 4),
(462, '2022-03-22 18:42:46', '2022-01-13', '2022-01-15', 0, 2, 101, 507, 74, 4),
(463, '2022-03-22 18:44:05', '2022-01-17', '2022-01-19', 0, 2, 101, 508, 74, 4),
(464, '2022-03-22 18:45:20', '2022-01-18', '2022-01-20', 0, 2, 101, 509, 74, 4),
(465, '2022-03-22 18:46:18', '2022-01-21', '2022-01-23', 0, 2, 101, 510, 74, 4),
(466, '2022-03-22 18:47:27', '2022-01-24', '2022-01-26', 0, 2, 101, 511, 74, 4),
(467, '2022-03-22 18:49:54', '2022-01-25', '2022-01-27', 0, 2, 101, 512, 74, 4),
(469, '2022-03-22 18:51:53', '2022-01-26', '2022-01-28', 0, 2, 101, 514, 74, 4),
(470, '2022-03-22 18:52:51', '2022-01-27', '2022-01-29', 0, 2, 101, 515, 74, 4),
(471, '2022-03-22 18:53:56', '2022-01-28', '2022-01-30', 0, 2, 101, 516, 74, 4),
(472, '2022-03-22 18:55:02', '2022-01-31', '2022-02-02', 0, 2, 101, 517, 74, 4),
(473, '2022-03-22 18:55:20', '2022-01-21', '2022-01-23', 0, 2, 99, 518, 74, 4),
(474, '2022-03-22 18:56:33', '2022-01-22', '2022-01-24', 0, 2, 99, 519, 74, 4),
(475, '2022-03-22 19:00:04', '2022-01-24', '2022-01-26', 0, 2, 99, 520, 74, 4),
(476, '2022-03-22 19:01:26', '2022-01-27', '2022-01-29', 0, 2, 99, 521, 74, 4),
(477, '2022-03-22 19:04:51', '2022-01-28', '2022-01-30', 0, 2, 99, 522, 74, 4),
(479, '2022-03-22 19:06:50', '2022-01-03', '2022-01-05', 0, 2, 101, 524, 74, 4),
(480, '2022-03-22 19:08:19', '2022-01-05', '2022-01-07', 0, 2, 101, 525, 74, 4),
(481, '2022-03-22 19:09:09', '2022-01-06', '2022-01-08', 0, 2, 101, 526, 74, 4),
(482, '2022-03-22 19:09:58', '2022-01-07', '2022-01-09', 0, 2, 101, 527, 74, 0),
(483, '2022-03-22 19:11:30', '2022-01-31', '2022-02-02', 0, 2, 99, 528, 74, 4),
(484, '2022-03-22 19:11:51', '2022-01-10', '2022-01-12', 0, 2, 101, 529, 74, 4),
(485, '2022-03-22 19:12:38', '2022-01-11', '2022-01-13', 0, 2, 101, 530, 74, 4),
(486, '2022-03-22 19:14:13', '2022-01-17', '2022-01-19', 0, 2, 101, 531, 74, 4),
(487, '2022-03-22 19:19:05', '2022-01-03', '2022-01-05', 0, 2, 99, 533, 74, 4),
(488, '2022-03-22 19:24:42', '2022-01-05', '2022-01-07', 0, 2, 99, 534, 74, 4),
(489, '2022-03-22 19:27:29', '2022-01-24', '2022-01-26', 0, 2, 101, 532, 74, 4),
(490, '2022-03-22 19:28:50', '2022-01-24', '2022-01-26', 0, 2, 101, 535, 74, 4),
(491, '2022-03-22 19:30:04', '2022-01-27', '2022-01-29', 0, 2, 101, 536, 74, 4),
(493, '2022-03-22 19:42:22', '2022-01-07', '2022-01-09', 0, 2, 99, 537, 74, 4),
(494, '2022-03-22 19:49:04', '2022-01-10', '2022-01-12', 0, 2, 99, 540, 74, 4),
(495, '2022-03-22 19:55:54', '2022-01-11', '2022-01-13', 0, 2, 99, 541, 74, 4),
(496, '2022-03-22 20:02:33', '2022-01-18', '2022-01-20', 0, 2, 101, 542, 74, 4),
(497, '2022-03-22 20:14:30', '2022-01-03', '2022-01-05', 0, 2, 80, 543, 74, 4),
(498, '2022-03-22 20:15:55', '2022-01-04', '2022-01-06', 0, 2, 80, 544, 74, 4),
(499, '2022-03-22 20:16:56', '2022-01-05', '2022-01-07', 0, 2, 80, 545, 74, 4),
(500, '2022-03-22 20:17:53', '2022-01-06', '2022-01-08', 0, 2, 80, 546, 74, 4),
(501, '2022-03-22 20:18:48', '2022-01-07', '2022-01-09', 0, 2, 80, 547, 74, 4),
(502, '2022-03-22 20:20:06', '2022-01-08', '2022-01-10', 0, 2, 80, 548, 74, 4),
(503, '2022-03-22 20:21:17', '2022-01-10', '2022-01-12', 0, 2, 80, 549, 74, 4),
(504, '2022-03-22 20:22:06', '2022-01-11', '2022-01-13', 0, 2, 80, 550, 74, 4),
(505, '2022-03-22 20:22:57', '2022-01-12', '2022-01-14', 0, 2, 80, 551, 74, 4),
(506, '2022-03-22 20:23:56', '2022-01-13', '2022-01-15', 0, 2, 80, 552, 74, 4),
(507, '2022-03-22 20:24:54', '2022-01-14', '2022-01-16', 0, 2, 80, 553, 74, 4),
(508, '2022-03-22 20:26:21', '2022-01-17', '2022-01-19', 0, 2, 80, 554, 74, 4),
(509, '2022-03-22 20:27:28', '2022-01-18', '2022-01-20', 0, 2, 80, 555, 74, 4),
(510, '2022-03-22 20:28:18', '2022-01-20', '2022-01-22', 0, 2, 80, 556, 74, 4),
(511, '2022-03-22 20:29:20', '2022-01-21', '2022-01-23', 0, 2, 80, 557, 74, 4),
(512, '2022-03-22 20:30:28', '2022-01-24', '2022-01-26', 0, 2, 80, 558, 74, 4),
(513, '2022-03-22 20:32:36', '2022-01-25', '2022-01-27', 0, 2, 80, 559, 74, 4),
(514, '2022-03-22 20:33:55', '2022-01-26', '2022-01-28', 0, 2, 80, 561, 74, 4),
(515, '2022-03-22 20:34:37', '2022-01-27', '2022-01-29', 0, 2, 80, 562, 74, 4),
(516, '2022-03-22 20:35:27', '2022-01-28', '2022-01-30', 0, 2, 80, 563, 74, 4),
(517, '2022-03-22 20:36:15', '2022-01-31', '2022-02-02', 0, 2, 80, 564, 74, 4),
(518, '2022-03-22 20:37:59', '2022-01-04', '2022-01-06', 0, 2, 80, 565, 74, 4),
(519, '2022-03-22 20:38:56', '2022-01-07', '2022-01-09', 0, 2, 80, 566, 74, 4),
(520, '2022-03-22 20:39:37', '2022-01-10', '2022-01-12', 0, 2, 80, 567, 74, 4),
(521, '2022-03-22 20:40:19', '2022-01-11', '2022-01-13', 0, 2, 80, 568, 74, 4),
(522, '2022-03-22 20:41:09', '2022-01-12', '2022-01-14', 0, 2, 80, 569, 74, 4),
(523, '2022-03-22 20:42:14', '2022-01-19', '2022-01-21', 0, 2, 80, 570, 74, 4),
(524, '2022-03-22 20:43:06', '2022-01-20', '2022-01-22', 0, 2, 80, 571, 74, 4),
(525, '2022-03-22 20:43:47', '2022-01-22', '2022-01-24', 0, 2, 80, 572, 74, 4),
(526, '2022-03-22 20:44:29', '2022-01-24', '2022-01-26', 0, 2, 80, 573, 74, 4),
(527, '2022-03-22 20:45:10', '2022-01-27', '2022-01-29', 0, 2, 80, 574, 74, 4),
(528, '2022-03-22 20:45:57', '2022-01-28', '2022-01-30', 0, 2, 80, 575, 74, 4),
(529, '2022-03-22 20:46:36', '2022-01-31', '2022-02-02', 0, 2, 80, 576, 74, 4),
(530, '2022-03-23 14:51:59', '2022-01-03', '2022-01-05', 0, 2, 103, 577, 74, 4),
(531, '2022-03-23 14:57:47', '2022-01-04', '2022-01-06', 0, 2, 103, 578, 74, 4),
(532, '2022-03-23 14:58:50', '2022-01-05', '2022-01-07', 0, 2, 103, 579, 74, 4),
(533, '2022-03-23 14:59:41', '2022-01-06', '2022-01-08', 0, 2, 103, 580, 74, 4),
(534, '2022-03-23 15:00:55', '2022-01-07', '2022-01-09', 0, 2, 103, 581, 74, 4),
(535, '2022-03-23 15:04:11', '2022-01-08', '2022-01-10', 0, 2, 103, 582, 74, 4),
(536, '2022-03-23 15:05:11', '2022-01-10', '2022-01-12', 0, 2, 103, 583, 74, 4),
(537, '2022-03-23 15:06:04', '2022-01-11', '2022-01-13', 0, 2, 103, 584, 74, 4),
(538, '2022-03-23 15:07:10', '2022-01-12', '2022-01-14', 0, 2, 103, 585, 74, 4),
(539, '2022-03-23 15:07:56', '2022-01-13', '2022-01-15', 0, 2, 103, 586, 74, 4),
(540, '2022-03-23 15:08:49', '2022-01-14', '2022-01-16', 0, 2, 103, 587, 74, 4),
(541, '2022-03-23 15:09:44', '2022-01-15', '2022-01-17', 0, 2, 103, 588, 74, 0),
(542, '2022-03-23 15:10:34', '2022-01-17', '2022-01-19', 0, 2, 103, 589, 74, 4),
(543, '2022-03-23 15:11:24', '2022-01-18', '2022-01-20', 0, 2, 103, 590, 74, 4),
(544, '2022-03-23 15:12:18', '2022-01-19', '2022-01-21', 0, 2, 103, 591, 74, 4),
(545, '2022-03-23 15:13:16', '2022-01-20', '2022-01-22', 0, 2, 103, 592, 74, 4),
(546, '2022-03-23 15:14:02', '2022-01-21', '2022-01-23', 0, 2, 103, 593, 74, 4),
(547, '2022-03-23 15:15:01', '2022-01-24', '2022-01-26', 0, 2, 103, 594, 74, 4),
(548, '2022-03-23 15:15:50', '2022-01-25', '2022-01-27', 0, 2, 103, 595, 74, 4),
(549, '2022-03-23 15:17:12', '2022-01-26', '2022-01-28', 0, 2, 103, 596, 74, 4),
(550, '2022-03-23 15:18:01', '2022-01-27', '2022-01-29', 0, 2, 103, 597, 74, 4),
(551, '2022-03-23 15:19:02', '2022-01-28', '2022-01-30', 0, 2, 103, 598, 74, 4),
(552, '2022-03-23 15:19:50', '2022-01-29', '2022-01-31', 0, 2, 103, 599, 74, 4),
(553, '2022-03-23 15:20:40', '2022-01-31', '2022-02-02', 0, 2, 103, 600, 74, 4),
(554, '2022-03-23 15:21:49', '2022-01-04', '2022-01-06', 0, 2, 103, 601, 74, 4),
(555, '2022-03-23 15:22:38', '2022-01-07', '2022-01-09', 0, 2, 103, 602, 74, 4),
(556, '2022-03-23 15:27:26', '2022-01-11', '2022-01-13', 0, 2, 103, 603, 74, 4),
(557, '2022-03-23 15:28:43', '2022-01-12', '2022-01-14', 0, 2, 103, 604, 74, 4),
(558, '2022-03-23 15:29:27', '2022-01-13', '2022-01-15', 0, 2, 103, 605, 74, 4),
(559, '2022-03-23 15:31:07', '2022-01-18', '2022-01-20', 0, 2, 103, 606, 74, 4),
(560, '2022-03-23 15:32:01', '2022-01-24', '2022-01-26', 0, 2, 103, 607, 74, 0),
(561, '2022-03-23 15:33:06', '2022-01-25', '2022-01-27', 0, 2, 103, 608, 74, 4),
(562, '2022-03-23 15:34:05', '2022-01-26', '2022-01-28', 0, 2, 103, 609, 74, 4),
(563, '2022-03-23 15:34:53', '2022-01-27', '2022-01-29', 0, 2, 103, 610, 74, 4),
(564, '2022-03-23 15:36:09', '2022-01-31', '2022-02-02', 0, 2, 103, 611, 74, 4),
(565, '2022-03-23 16:18:18', '2022-01-17', '2022-01-19', 0, 2, 99, 612, 74, 4),
(566, '2022-03-23 16:19:42', '2022-01-20', '2022-01-22', 0, 2, 99, 613, 74, 4),
(567, '2022-03-23 16:21:48', '2022-01-24', '2022-01-26', 0, 2, 99, 614, 74, 4),
(568, '2022-03-23 16:25:49', '2022-01-27', '2022-01-29', 0, 2, 99, 615, 74, 0),
(569, '2022-03-23 16:27:49', '2022-01-31', '2022-02-02', 0, 2, 99, 616, 74, 4),
(570, '2022-03-23 16:49:00', '2022-01-07', '2022-01-09', 0, 2, 103, 617, 74, 4),
(571, '2022-03-23 16:49:48', '2022-01-10', '2022-01-12', 0, 2, 103, 618, 74, 4),
(572, '2022-03-23 16:51:12', '2022-01-11', '2022-01-13', 0, 2, 103, 619, 74, 4),
(573, '2022-03-23 16:52:00', '2022-01-13', '2022-01-15', 0, 2, 103, 620, 74, 0),
(574, '2022-03-23 16:56:56', '2022-01-18', '2022-01-20', 0, 2, 103, 621, 74, 4),
(575, '2022-03-23 17:00:43', '2022-01-19', '2022-01-21', 0, 2, 103, 622, 74, 4),
(579, '2022-03-23 17:06:08', '2022-01-25', '2022-01-27', 0, 2, 103, 627, 74, 4),
(580, '2022-03-23 17:06:58', '2022-01-26', '2022-01-28', 0, 2, 103, 628, 74, 4),
(581, '2022-03-23 17:07:55', '2022-01-29', '2022-01-31', 0, 2, 103, 629, 74, 0),
(582, '2022-03-23 17:08:48', '2022-01-31', '2022-02-02', 0, 2, 103, 630, 74, 4),
(583, '2022-03-23 18:16:29', '2022-01-03', '2022-01-05', 0, 2, 83, 631, 74, 4),
(584, '2022-03-23 18:17:23', '2022-01-04', '2022-01-06', 0, 2, 83, 632, 74, 4),
(585, '2022-03-23 18:18:08', '2022-01-05', '2022-01-07', 0, 2, 83, 633, 74, 4),
(586, '2022-03-23 18:19:04', '2022-01-07', '2022-01-09', 0, 2, 83, 634, 74, 0),
(587, '2022-03-23 18:23:44', '2022-01-08', '2022-01-10', 0, 2, 83, 635, 74, 4),
(588, '2022-03-23 18:25:04', '2022-01-10', '2022-01-12', 0, 2, 83, 636, 74, 4),
(589, '2022-03-23 18:26:54', '2022-01-11', '2022-01-13', 0, 2, 83, 637, 74, 4),
(590, '2022-03-23 18:28:57', '2022-01-12', '2022-01-14', 0, 2, 83, 638, 74, 4),
(591, '2022-03-23 18:30:01', '2022-01-13', '2022-01-15', 0, 2, 83, 639, 74, 4),
(592, '2022-03-23 18:31:00', '2022-01-14', '2022-01-16', 0, 2, 83, 640, 74, 4),
(593, '2022-03-23 18:32:55', '2022-01-15', '2022-01-17', 0, 2, 83, 641, 74, 4),
(594, '2022-03-23 18:33:45', '2022-01-17', '2022-01-19', 0, 2, 83, 642, 74, 4),
(595, '2022-03-23 18:34:36', '2022-01-18', '2022-01-20', 0, 2, 83, 643, 74, 4),
(596, '2022-03-23 18:35:26', '2022-01-19', '2022-01-21', 0, 2, 83, 644, 74, 4),
(597, '2022-03-23 18:36:11', '2022-01-20', '2022-01-22', 0, 2, 83, 645, 74, 0),
(598, '2022-03-23 18:36:57', '2022-01-21', '2022-01-23', 0, 2, 83, 646, 74, 4),
(599, '2022-03-23 18:39:34', '2022-01-04', '2022-01-06', 0, 2, 102, 647, 74, 4),
(601, '2022-03-23 18:41:31', '2022-01-24', '2022-01-26', 0, 2, 83, 649, 74, 4),
(602, '2022-03-23 18:42:15', '2022-01-25', '2022-01-27', 0, 2, 83, 650, 74, 4),
(603, '2022-03-23 18:43:09', '2022-01-26', '2022-01-28', 0, 2, 83, 651, 74, 4),
(606, '2022-03-23 18:45:29', '2022-01-05', '2022-01-07', 0, 2, 102, 653, 74, 4),
(607, '2022-03-23 18:45:58', '2022-01-27', '2022-01-29', 0, 2, 83, 654, 74, 0),
(608, '2022-03-23 18:46:51', '2022-01-28', '2022-01-30', 0, 2, 83, 655, 74, 4),
(609, '2022-03-23 18:48:24', '2022-01-29', '2022-01-31', 0, 2, 83, 656, 74, 4),
(610, '2022-03-23 18:49:18', '2022-01-31', '2022-02-02', 0, 2, 83, 657, 74, 4),
(611, '2022-03-23 18:51:50', '2022-01-05', '2022-01-07', 0, 2, 83, 659, 74, 4),
(612, '2022-03-23 18:52:03', '2022-01-10', '2022-01-12', 0, 2, 102, 658, 74, 4),
(613, '2022-03-23 18:53:07', '2022-01-06', '2022-01-08', 0, 2, 83, 660, 74, 4),
(614, '2022-03-23 18:54:07', '2022-01-10', '2022-01-12', 0, 2, 83, 661, 74, 4),
(615, '2022-03-23 18:54:54', '2022-01-11', '2022-01-13', 0, 2, 83, 663, 74, 4),
(617, '2022-03-23 18:55:41', '2022-01-12', '2022-01-14', 0, 2, 83, 664, 74, 4),
(618, '2022-03-23 18:56:29', '2022-01-13', '2022-01-15', 0, 2, 83, 665, 74, 0),
(619, '2022-03-23 18:57:41', '2022-01-12', '2022-01-14', 0, 2, 102, 666, 74, 4),
(620, '2022-03-23 18:58:48', '2022-01-11', '2022-01-13', 0, 2, 102, 667, 74, 4),
(621, '2022-03-23 19:10:55', '2022-01-18', '2022-01-20', 0, 2, 102, 668, 74, 4),
(623, '2022-03-23 19:18:40', '2022-01-24', '2022-01-26', 0, 2, 102, 670, 74, 4),
(624, '2022-03-23 19:20:04', '2022-01-21', '2022-01-23', 0, 2, 102, 671, 74, 4),
(625, '2022-03-23 19:24:16', '2022-01-25', '2022-01-27', 0, 2, 102, 672, 74, 0),
(626, '2022-03-23 19:31:27', '2022-01-28', '2022-01-30', 0, 2, 102, 673, 74, 4),
(627, '2022-03-23 19:41:32', '2022-01-04', '2022-01-06', 0, 2, 102, 674, 74, 4),
(628, '2022-03-23 19:50:49', '2022-01-18', '2022-01-20', 0, 2, 83, 675, 74, 4),
(629, '2022-03-23 19:51:46', '2022-01-19', '2022-01-21', 0, 2, 83, 676, 74, 4),
(630, '2022-03-23 19:52:29', '2022-01-24', '2022-01-26', 0, 2, 83, 677, 74, 4),
(631, '2022-03-23 19:53:27', '2022-01-25', '2022-01-27', 0, 2, 83, 679, 74, 4),
(632, '2022-03-23 19:53:28', '2022-01-05', '2022-01-07', 0, 2, 102, 678, 74, 4),
(633, '2022-03-23 19:54:29', '2022-01-26', '2022-01-28', 0, 2, 83, 680, 74, 4),
(634, '2022-03-23 19:55:18', '2022-01-27', '2022-01-29', 0, 2, 83, 681, 74, 0),
(635, '2022-03-23 19:55:59', '2022-01-28', '2022-01-30', 0, 2, 83, 682, 74, 4),
(636, '2022-03-23 19:57:04', '2022-01-06', '2022-01-08', 0, 2, 102, 683, 74, 4),
(637, '2022-03-23 19:57:14', '2022-01-29', '2022-01-31', 0, 2, 83, 684, 74, 4),
(638, '2022-03-23 19:59:29', '2022-01-07', '2022-01-09', 0, 2, 102, 685, 74, 4),
(639, '2022-03-23 20:43:43', '2022-01-03', '2022-01-05', 0, 2, 83, 686, 74, 4),
(640, '2022-03-23 20:44:52', '2022-01-04', '2022-01-06', 0, 2, 83, 687, 74, 4),
(641, '2022-03-23 20:45:46', '2022-01-06', '2022-01-08', 0, 2, 83, 688, 74, 4),
(642, '2022-03-23 20:46:26', '2022-01-08', '2022-01-10', 0, 2, 83, 689, 74, 4),
(643, '2022-03-23 20:47:25', '2022-01-10', '2022-01-12', 0, 2, 83, 690, 74, 4),
(644, '2022-03-23 20:48:13', '2022-01-11', '2022-01-13', 0, 2, 83, 691, 74, 0),
(645, '2022-03-23 20:49:09', '2022-01-12', '2022-01-14', 0, 2, 83, 692, 74, 4),
(646, '2022-03-23 20:49:48', '2022-01-13', '2022-01-15', 0, 2, 83, 693, 74, 4),
(647, '2022-03-23 20:51:21', '2022-01-17', '2022-01-19', 0, 2, 83, 694, 74, 4),
(648, '2022-03-23 20:52:00', '2022-01-18', '2022-01-20', 0, 2, 83, 695, 74, 4),
(649, '2022-03-23 20:52:47', '2022-01-19', '2022-01-21', 0, 2, 83, 696, 74, 4),
(650, '2022-03-23 20:53:32', '2022-01-22', '2022-01-24', 0, 2, 83, 697, 74, 4),
(651, '2022-03-23 20:54:12', '2022-01-24', '2022-01-26', 0, 2, 83, 698, 74, 4),
(652, '2022-03-23 20:54:47', '2022-01-25', '2022-01-27', 0, 2, 83, 699, 74, 4),
(653, '2022-03-23 20:55:44', '2022-01-27', '2022-01-29', 0, 2, 83, 700, 74, 4),
(654, '2022-03-23 20:56:34', '2022-01-31', '2022-02-02', 0, 2, 83, 701, 74, 4),
(655, '2022-03-24 16:25:31', '2022-01-08', '2022-01-10', 0, 2, 102, 702, 74, 4),
(656, '2022-03-24 16:31:36', '2022-01-10', '2022-01-12', 0, 2, 102, 703, 74, 0),
(657, '2022-03-24 16:34:21', '2022-01-11', '2022-01-13', 0, 2, 102, 704, 74, 4),
(658, '2022-03-24 16:36:30', '2022-01-17', '2022-01-19', 0, 2, 102, 705, 74, 0),
(659, '2022-03-24 16:38:21', '2022-01-18', '2022-01-20', 0, 2, 102, 706, 74, 4),
(660, '2022-03-24 16:39:40', '2022-01-28', '2022-01-30', 0, 2, 102, 707, 74, 4),
(661, '2022-03-25 16:41:47', '2022-01-03', '2022-01-05', 0, 2, 87, 709, 74, 4),
(662, '2022-03-25 16:46:29', '2022-01-04', '2022-01-06', 0, 2, 87, 710, 74, 4),
(663, '2022-03-25 18:05:01', '2022-01-07', '2022-01-09', 0, 2, 87, 711, 74, 4),
(664, '2022-03-25 18:09:17', '2022-01-11', '2022-01-13', 0, 2, 87, 712, 74, 4),
(665, '2022-03-25 18:18:18', '2022-01-12', '2022-01-14', 0, 2, 87, 713, 74, 4),
(666, '2022-03-25 18:21:21', '2022-01-13', '2022-01-15', 0, 2, 87, 714, 74, 4),
(667, '2022-03-25 18:24:05', '2022-01-14', '2022-01-16', 0, 2, 87, 715, 74, 4),
(668, '2022-03-25 18:29:57', '2022-01-10', '2022-01-12', 0, 2, 87, 716, 74, 4),
(669, '2022-03-25 18:51:21', '2022-01-11', '2022-01-13', 0, 2, 87, 717, 74, 4),
(670, '2022-03-25 18:58:19', '2022-01-12', '2022-01-14', 0, 2, 87, 718, 74, 4),
(671, '2022-03-25 19:03:11', '2022-01-14', '2022-01-16', 0, 2, 87, 719, 74, 4),
(672, '2022-03-25 19:09:07', '2022-01-05', '2022-01-07', 0, 2, 87, 720, 74, 4),
(673, '2022-03-25 19:16:07', '2022-01-06', '2022-01-08', 0, 2, 87, 721, 74, 4),
(674, '2022-03-25 19:20:03', '2022-01-10', '2022-01-12', 0, 2, 87, 722, 74, 4),
(675, '2022-03-25 19:25:06', '2022-01-11', '2022-01-13', 0, 2, 87, 723, 74, 4),
(676, '2022-03-25 19:34:12', '2022-01-12', '2022-01-14', 0, 2, 87, 724, 74, 4),
(678, '2022-03-28 12:43:28', '2022-01-04', '2022-01-06', 0, 2, 92, 726, 74, 4),
(679, '2022-03-28 12:44:56', '2022-01-07', '2022-01-09', 0, 2, 92, 727, 74, 0),
(680, '2022-03-28 12:46:01', '2022-01-08', '2022-01-10', 0, 2, 92, 728, 74, 4),
(681, '2022-03-28 12:47:57', '2022-01-10', '2022-01-12', 0, 2, 92, 729, 74, 4),
(682, '2022-03-28 12:50:54', '2022-01-11', '2022-01-13', 0, 2, 92, 730, 74, 4),
(683, '2022-03-28 12:54:25', '2022-01-12', '2022-01-14', 0, 2, 92, 731, 74, 4),
(685, '2022-03-28 13:11:14', '2022-01-12', '2022-01-14', 0, 2, 92, 733, 74, 4),
(686, '2022-03-28 13:12:39', '2022-01-14', '2022-01-16', 0, 2, 92, 734, 74, 4),
(687, '2022-03-28 13:14:30', '2022-01-15', '2022-01-17', 0, 2, 92, 735, 74, 4),
(688, '2022-03-28 13:16:56', '2022-01-17', '2022-01-19', 0, 2, 92, 736, 74, 4),
(689, '2022-03-28 13:18:08', '2022-01-18', '2022-01-20', 0, 2, 92, 737, 74, 4),
(690, '2022-03-28 13:19:08', '2022-01-19', '2022-01-21', 0, 2, 92, 738, 74, 4),
(691, '2022-03-28 13:21:09', '2022-01-20', '2022-01-22', 0, 2, 92, 739, 74, 4),
(692, '2022-03-28 13:22:16', '2022-01-23', '2022-01-25', 0, 2, 92, 740, 74, 4),
(693, '2022-03-28 13:24:33', '2022-01-24', '2022-01-26', 0, 2, 92, 741, 74, 4),
(694, '2022-03-28 13:25:32', '2022-01-26', '2022-01-28', 0, 2, 92, 742, 74, 4),
(695, '2022-03-28 13:26:33', '2022-01-29', '2022-01-31', 0, 2, 92, 743, 74, 4),
(696, '2022-03-28 13:28:04', '2022-01-31', '2022-02-02', 0, 2, 92, 744, 74, 4),
(697, '2022-03-28 13:32:38', '2022-01-07', '2022-01-09', 0, 2, 92, 745, 74, 4),
(699, '2022-03-28 13:37:09', '2022-01-08', '2022-01-10', 0, 2, 92, 747, 74, 4),
(700, '2022-03-28 13:43:19', '2022-01-10', '2022-01-12', 0, 2, 92, 748, 74, 4),
(701, '2022-03-28 13:44:50', '2022-01-07', '2022-01-09', 0, 2, 92, 749, 74, 4),
(702, '2022-03-28 13:45:46', '2022-01-11', '2022-01-13', 0, 2, 92, 750, 74, 4),
(704, '2022-03-28 13:47:35', '2022-01-12', '2022-01-14', 0, 2, 92, 752, 74, 4),
(705, '2022-03-28 13:48:35', '2022-01-13', '2022-01-15', 0, 2, 92, 753, 74, 4),
(706, '2022-03-28 13:49:50', '2022-01-17', '2022-01-19', 0, 2, 92, 754, 74, 4),
(707, '2022-03-28 13:51:26', '2022-01-18', '2022-01-20', 0, 2, 92, 755, 74, 4),
(708, '2022-03-28 13:53:26', '2022-01-21', '2022-01-23', 0, 2, 92, 756, 74, 4),
(710, '2022-03-28 14:03:19', '2022-01-25', '2022-01-27', 0, 2, 92, 758, 74, 4),
(711, '2022-03-28 14:06:05', '2022-01-26', '2022-01-28', 0, 2, 92, 759, 74, 4),
(712, '2022-03-28 14:08:07', '2022-01-28', '2022-01-30', 0, 2, 92, 760, 74, 4),
(713, '2022-03-28 14:09:16', '2022-01-24', '2022-01-26', 0, 2, 92, 761, 74, 4),
(714, '2022-03-28 14:10:27', '2022-01-31', '2022-02-02', 0, 2, 92, 762, 74, 4),
(715, '2022-03-28 14:38:20', '2022-01-17', '2022-01-19', 0, 2, 92, 763, 74, 4),
(716, '2022-03-28 14:39:19', '2022-01-18', '2022-01-20', 0, 2, 92, 764, 74, 4),
(717, '2022-03-28 14:40:12', '2022-01-19', '2022-01-21', 0, 2, 92, 765, 74, 4),
(718, '2022-03-28 14:40:58', '2022-01-20', '2022-01-22', 0, 2, 92, 766, 74, 4),
(719, '2022-03-28 14:49:24', '2022-01-21', '2022-01-23', 0, 2, 92, 767, 74, 4),
(720, '2022-03-28 14:50:43', '2022-01-22', '2022-01-24', 0, 2, 92, 768, 74, 4),
(721, '2022-03-28 14:51:36', '2022-01-23', '2022-01-25', 0, 2, 92, 769, 74, 4),
(723, '2022-03-28 15:04:53', '2022-01-25', '2022-01-27', 0, 2, 92, 771, 74, 4),
(724, '2022-03-28 15:06:35', '2022-01-26', '2022-01-28', 0, 2, 92, 772, 74, 4),
(725, '2022-03-28 15:07:57', '2022-01-24', '2022-01-26', 0, 2, 92, 773, 74, 4),
(726, '2022-03-28 15:09:26', '2022-01-27', '2022-01-29', 0, 2, 92, 774, 74, 4),
(727, '2022-03-28 15:10:26', '2022-01-28', '2022-01-30', 0, 2, 92, 775, 74, 4),
(728, '2022-03-28 15:11:24', '2022-01-29', '2022-01-31', 0, 2, 92, 776, 74, 4),
(729, '2022-03-28 15:14:25', '2022-01-31', '2022-02-02', 0, 2, 92, 777, 74, 4),
(730, '2022-03-28 16:22:32', '2022-01-03', '2022-01-05', 0, 2, 90, 778, 74, 0),
(731, '2022-03-28 16:25:06', '2022-01-04', '2022-01-06', 0, 2, 90, 779, 74, 4),
(732, '2022-03-28 16:30:35', '2022-01-06', '2022-01-08', 0, 2, 90, 780, 74, 4),
(733, '2022-03-28 16:40:48', '2022-01-12', '2022-01-14', 0, 2, 90, 781, 74, 4),
(734, '2022-03-28 16:47:09', '2022-01-13', '2022-01-15', 0, 2, 90, 782, 74, 4),
(735, '2022-03-28 16:53:18', '2022-01-17', '2022-01-19', 0, 2, 90, 783, 74, 4),
(736, '2022-03-28 16:57:51', '2022-01-18', '2022-01-20', 0, 2, 90, 784, 74, 4),
(737, '2022-03-28 17:06:14', '2022-01-19', '2022-01-21', 0, 2, 90, 785, 74, 4),
(738, '2022-03-28 17:16:07', '2022-01-20', '2022-01-22', 0, 2, 90, 786, 74, 4),
(739, '2022-03-28 17:20:52', '2022-01-21', '2022-01-23', 0, 2, 90, 787, 74, 4),
(740, '2022-03-28 17:24:56', '2022-01-25', '2022-01-27', 0, 2, 90, 788, 74, 4),
(741, '2022-03-28 17:31:18', '2022-01-26', '2022-01-28', 0, 2, 90, 789, 74, 0),
(744, '2022-03-28 17:50:02', '2022-01-29', '2022-01-31', 0, 2, 90, 792, 74, 4),
(745, '2022-03-28 17:53:53', '2022-01-31', '2022-02-02', 0, 2, 90, 793, 74, 4),
(746, '2022-03-28 17:57:46', '2022-01-06', '2022-01-08', 0, 2, 90, 794, 74, 0),
(747, '2022-03-28 18:00:53', '2022-01-13', '2022-01-15', 0, 2, 90, 795, 74, 4),
(748, '2022-03-28 18:03:45', '2022-01-17', '2022-01-19', 0, 2, 90, 796, 74, 4),
(749, '2022-03-28 18:08:11', '2022-01-18', '2022-01-20', 0, 2, 90, 797, 74, 4),
(750, '2022-03-28 18:10:59', '2022-01-21', '2022-01-23', 0, 2, 90, 798, 74, 0),
(751, '2022-03-28 18:13:45', '2022-01-24', '2022-01-26', 0, 2, 90, 799, 74, 4),
(752, '2022-03-28 18:15:57', '2022-01-25', '2022-01-27', 0, 2, 90, 800, 74, 4),
(753, '2022-03-28 18:18:03', '2022-01-28', '2022-01-30', 0, 2, 90, 801, 74, 4),
(754, '2022-03-28 18:22:24', '2022-01-31', '2022-02-02', 0, 2, 90, 802, 74, 4),
(755, '2022-03-28 18:25:54', '2022-01-06', '2022-01-08', 0, 2, 90, 803, 74, 4),
(756, '2022-03-28 18:32:05', '2022-01-11', '2022-01-13', 0, 2, 90, 804, 74, 4),
(757, '2022-03-28 18:37:02', '2022-01-18', '2022-01-20', 0, 2, 90, 805, 74, 4),
(758, '2022-03-28 18:43:54', '2022-01-20', '2022-01-22', 0, 2, 90, 806, 74, 4),
(759, '2022-03-28 18:50:43', '2022-01-24', '2022-01-26', 0, 2, 90, 807, 74, 4),
(760, '2022-03-28 18:53:52', '2022-01-25', '2022-01-27', 0, 2, 90, 808, 74, 4),
(761, '2022-03-28 19:00:05', '2022-01-28', '2022-01-30', 0, 2, 90, 809, 74, 4),
(762, '2022-03-28 19:03:17', '2022-01-31', '2022-02-02', 0, 2, 90, 810, 74, 4),
(763, '2022-03-28 19:16:25', '2022-01-27', '2022-01-29', 0, 2, 90, 811, 74, 4),
(764, '2022-03-28 19:18:35', '2022-01-28', '2022-01-30', 0, 2, 90, 812, 74, 4),
(765, '2022-03-28 19:43:02', '2022-01-03', '2022-01-05', 0, 2, 91, 814, 74, 4),
(766, '2022-03-29 16:26:45', '2022-01-04', '2022-01-06', 0, 2, 91, 817, 74, 4),
(767, '2022-03-29 16:34:47', '2022-01-05', '2022-01-07', 0, 2, 91, 818, 74, 4),
(768, '2022-03-29 16:39:47', '2022-01-06', '2022-01-08', 0, 2, 91, 819, 74, 4),
(769, '2022-03-29 16:45:43', '2022-01-07', '2022-01-09', 0, 2, 91, 820, 74, 4),
(770, '2022-03-30 18:36:03', '2022-01-08', '2022-01-10', 0, 2, 91, 821, 74, 4),
(771, '2022-03-30 18:58:39', '2022-01-10', '2022-01-12', 0, 2, 91, 822, 74, 4),
(772, '2022-03-30 19:01:46', '2022-01-11', '2022-01-13', 0, 2, 91, 823, 74, 4),
(773, '2022-03-30 19:12:08', '2022-01-12', '2022-01-14', 0, 2, 91, 824, 74, 4),
(774, '2022-03-30 19:23:58', '2022-01-13', '2022-01-15', 0, 2, 91, 825, 74, 4),
(775, '2022-03-30 19:27:05', '2022-01-14', '2022-01-16', 0, 2, 91, 826, 74, 4),
(776, '2022-03-30 19:32:21', '2022-01-15', '2022-01-17', 0, 2, 91, 827, 74, 4),
(777, '2022-03-30 19:35:55', '2022-01-18', '2022-01-20', 0, 2, 91, 828, 74, 4),
(778, '2022-03-30 19:37:46', '2022-01-19', '2022-01-21', 0, 2, 91, 829, 74, 4),
(779, '2022-03-30 19:39:28', '2022-01-20', '2022-01-22', 0, 2, 91, 830, 74, 4),
(780, '2022-03-31 16:22:14', '2022-01-21', '2022-01-23', 0, 2, 91, 831, 74, 4),
(781, '2022-03-31 16:28:35', '2022-01-24', '2022-01-26', 0, 2, 91, 832, 74, 4),
(782, '2022-03-31 16:39:49', '2022-01-25', '2022-01-27', 0, 2, 91, 833, 74, 4),
(783, '2022-03-31 16:50:29', '2022-01-26', '2022-01-28', 0, 2, 91, 834, 74, 4),
(784, '2022-03-31 17:13:16', '2022-01-27', '2022-01-29', 0, 2, 91, 835, 74, 4),
(785, '2022-03-31 17:36:44', '2022-01-28', '2022-01-30', 0, 2, 91, 836, 74, 4),
(786, '2022-03-31 17:38:26', '2022-01-31', '2022-02-02', 0, 2, 91, 837, 74, 4),
(787, '2022-03-31 17:41:20', '2022-01-02', '2022-01-04', 0, 2, 91, 838, 74, 4),
(788, '2022-03-31 17:43:39', '2022-01-03', '2022-01-05', 0, 2, 91, 840, 74, 4),
(789, '2022-03-31 17:46:05', '2022-01-04', '2022-01-06', 0, 2, 91, 842, 74, 4),
(790, '2022-03-31 17:49:06', '2022-01-11', '2022-01-13', 0, 2, 91, 843, 74, 4),
(791, '2022-03-31 17:51:26', '2022-01-13', '2022-01-15', 0, 2, 91, 844, 74, 4),
(792, '2022-03-31 17:53:17', '2022-01-15', '2022-01-17', 0, 2, 91, 845, 74, 4),
(793, '2022-03-31 18:25:25', '2022-01-18', '2022-01-20', 0, 2, 91, 846, 74, 4),
(794, '2022-03-31 18:27:50', '2022-01-21', '2022-01-23', 0, 2, 91, 847, 74, 4),
(795, '2022-03-31 18:29:44', '2022-01-25', '2022-01-27', 0, 2, 91, 848, 74, 4),
(796, '2022-03-31 18:32:38', '2022-01-05', '2022-01-07', 0, 2, 91, 849, 74, 4),
(797, '2022-03-31 18:35:30', '2022-01-10', '2022-01-12', 0, 2, 91, 850, 74, 4),
(798, '2022-03-31 18:37:45', '2022-01-11', '2022-01-13', 0, 2, 91, 851, 74, 4),
(799, '2022-03-31 18:40:15', '2022-01-14', '2022-01-16', 0, 2, 91, 852, 74, 4),
(800, '2022-03-31 18:42:57', '2022-01-17', '2022-01-19', 0, 2, 91, 853, 74, 4),
(801, '2022-03-31 18:44:48', '2022-01-18', '2022-01-20', 0, 2, 91, 854, 74, 4),
(802, '2022-03-31 18:47:12', '2022-01-20', '2022-01-22', 0, 2, 91, 855, 74, 4),
(803, '2022-03-31 18:50:11', '2022-01-22', '2022-01-24', 0, 2, 91, 856, 74, 4),
(804, '2022-03-31 18:52:03', '2022-01-25', '2022-01-27', 0, 2, 91, 857, 74, 4),
(805, '2022-03-31 18:57:28', '2022-01-26', '2022-01-28', 0, 2, 91, 858, 74, 4),
(806, '2022-03-31 19:00:40', '2022-01-31', '2022-02-02', 0, 2, 91, 859, 74, 4),
(807, '2022-04-04 18:12:17', '2022-01-11', '2022-01-13', 0, 2, 88, 860, 74, 4),
(808, '2022-04-04 18:17:22', '2022-01-12', '2022-01-14', 0, 2, 88, 862, 74, 4),
(809, '2022-04-04 18:20:33', '2022-01-13', '2022-01-15', 0, 2, 88, 863, 74, 4),
(810, '2022-04-04 18:28:28', '2022-01-14', '2022-01-16', 0, 2, 88, 864, 74, 4),
(811, '2022-04-04 18:34:56', '2022-01-18', '2022-01-20', 0, 2, 88, 865, 74, 4),
(812, '2022-04-04 18:44:22', '2022-01-19', '2022-01-21', 0, 2, 88, 866, 74, 4),
(813, '2022-04-04 18:49:15', '2022-01-21', '2022-01-23', 0, 2, 88, 867, 74, 4),
(814, '2022-04-04 18:57:14', '2022-01-23', '2022-01-25', 0, 2, 88, 868, 74, 4),
(815, '2022-04-04 19:18:16', '2022-01-24', '2022-01-26', 0, 2, 88, 869, 74, 4),
(816, '2022-04-04 19:27:55', '2022-01-25', '2022-01-27', 0, 2, 88, 870, 74, 4),
(817, '2022-04-04 19:35:37', '2022-01-26', '2022-01-28', 0, 2, 88, 871, 74, 4),
(818, '2022-04-04 19:41:57', '2022-01-28', '2022-01-30', 0, 2, 88, 872, 74, 4),
(819, '2022-04-04 19:51:37', '2022-01-31', '2022-02-02', 0, 2, 88, 873, 74, 4),
(820, '2022-04-04 19:58:53', '2022-01-04', '2022-01-06', 0, 2, 88, 874, 74, 4),
(821, '2022-04-05 16:32:05', '2022-01-07', '2022-01-09', 0, 2, 88, 875, 74, 4),
(822, '2022-04-05 18:17:55', '2022-01-08', '2022-01-10', 0, 2, 88, 876, 74, 4),
(823, '2022-04-05 18:25:59', '2022-01-10', '2022-01-12', 0, 2, 88, 877, 74, 4),
(824, '2022-04-05 18:37:33', '2022-01-11', '2022-01-13', 0, 2, 88, 878, 74, 4),
(825, '2022-04-05 18:52:14', '2022-01-12', '2022-01-14', 0, 2, 88, 879, 74, 4),
(826, '2022-04-05 18:57:38', '2022-01-19', '2022-01-21', 0, 2, 88, 880, 74, 4),
(827, '2022-04-06 19:09:46', '2022-01-23', '2022-01-25', 0, 2, 88, 881, 74, 4),
(828, '2022-04-07 16:21:43', '2022-01-24', '2022-01-26', 0, 2, 88, 882, 74, 4),
(829, '2022-04-07 16:24:49', '2022-01-25', '2022-01-27', 0, 2, 88, 883, 74, 4),
(830, '2022-04-07 16:28:31', '2022-01-26', '2022-01-28', 0, 2, 88, 884, 74, 4),
(831, '2022-04-07 16:31:55', '2022-01-28', '2022-01-30', 0, 2, 88, 885, 74, 4),
(832, '2022-04-07 16:39:03', '2022-01-04', '2022-01-06', 0, 2, 88, 886, 74, 4),
(833, '2022-04-07 16:44:53', '2022-01-06', '2022-01-08', 0, 2, 88, 887, 74, 4),
(834, '2022-04-07 16:48:40', '2022-01-08', '2022-01-10', 0, 2, 88, 888, 74, 4),
(835, '2022-04-07 16:55:32', '2022-01-10', '2022-01-12', 0, 2, 88, 889, 74, 4),
(836, '2022-04-07 17:00:18', '2022-01-11', '2022-01-13', 0, 2, 88, 890, 74, 4),
(837, '2022-04-07 17:05:06', '2022-01-19', '2022-01-21', 0, 2, 88, 891, 74, 4),
(838, '2022-04-07 17:12:06', '2022-01-23', '2022-01-25', 0, 2, 88, 892, 74, 4);
INSERT INTO `producao` (`id`, `data`, `data_inicio`, `data_fim`, `qtd`, `status`, `entregadores_id`, `receber_id`, `regioes_id`, `usuarios_id`) VALUES
(839, '2022-04-07 17:17:17', '2022-01-24', '2022-01-26', 0, 2, 88, 893, 74, 4),
(840, '2022-04-07 17:48:20', '2022-01-25', '2022-01-27', 0, 2, 88, 894, 74, 4),
(841, '2022-04-20 16:51:17', '2022-01-26', '2022-01-28', 0, 2, 88, 895, 74, 4),
(842, '2022-04-20 17:45:49', '2022-01-06', '2022-01-08', 0, 2, 85, 896, 74, 4),
(843, '2022-04-20 17:55:18', '2022-01-10', '2022-01-12', 0, 2, 85, 897, 74, 4),
(844, '2022-04-20 18:07:42', '2022-01-13', '2022-01-15', 0, 2, 85, 898, 74, 4),
(845, '2022-04-20 18:17:44', '2022-01-15', '2022-01-17', 0, 2, 85, 899, 74, 4),
(846, '2022-04-20 18:38:50', '2022-01-18', '2022-01-20', 0, 2, 85, 900, 74, 4),
(847, '2022-04-20 18:44:33', '2022-01-19', '2022-01-21', 0, 2, 85, 901, 74, 4),
(848, '2022-04-20 19:02:11', '2022-01-21', '2022-01-23', 0, 2, 85, 902, 74, 4),
(849, '2022-04-20 19:11:32', '2022-01-24', '2022-01-26', 0, 2, 85, 903, 74, 4),
(850, '2022-04-20 19:34:32', '2022-01-26', '2022-01-28', 0, 2, 85, 904, 74, 4),
(851, '2022-04-20 19:42:26', '2022-01-28', '2022-01-30', 0, 2, 85, 905, 74, 4),
(852, '2022-04-20 19:48:26', '2022-01-29', '2022-01-31', 0, 2, 85, 906, 74, 4),
(853, '2022-04-20 19:58:28', '2022-01-31', '2022-02-02', 0, 2, 85, 907, 74, 4),
(854, '2022-04-25 16:27:52', '2022-01-05', '2022-01-07', 0, 2, 95, 908, 74, 4),
(855, '2022-04-25 16:32:09', '2022-01-06', '2022-01-08', 0, 2, 95, 909, 74, 4),
(856, '2022-04-25 16:36:00', '2022-01-07', '2022-01-09', 0, 2, 95, 910, 74, 4),
(857, '2022-04-25 16:43:08', '2022-01-12', '2022-01-14', 0, 2, 95, 911, 74, 4),
(858, '2022-04-25 16:49:00', '2022-01-13', '2022-01-15', 0, 2, 95, 912, 74, 4),
(859, '2022-04-25 16:55:09', '2022-01-14', '2022-01-16', 0, 2, 95, 913, 74, 4),
(860, '2022-04-25 17:04:26', '2022-01-17', '2022-01-19', 0, 2, 95, 914, 74, 4),
(861, '2022-04-25 17:22:10', '2022-01-18', '2022-01-20', 0, 2, 95, 915, 74, 4),
(862, '2022-04-25 17:25:31', '2022-01-20', '2022-01-22', 0, 2, 95, 916, 74, 4),
(863, '2022-04-25 17:33:58', '2022-01-22', '2022-01-24', 0, 2, 95, 917, 74, 4),
(864, '2022-04-25 17:44:37', '2022-01-24', '2022-01-26', 0, 2, 95, 918, 74, 4),
(865, '2022-04-25 17:47:23', '2022-01-27', '2022-01-29', 0, 2, 95, 919, 74, 4),
(866, '2022-04-25 17:50:01', '2022-01-28', '2022-01-30', 0, 2, 95, 920, 74, 4),
(868, '2022-04-25 18:10:50', '2022-01-03', '2022-01-05', 0, 2, 82, 922, 74, 4),
(869, '2022-04-25 18:16:21', '2022-01-04', '2022-01-06', 0, 2, 82, 923, 74, 4),
(870, '2022-04-25 18:39:07', '2022-01-05', '2022-01-07', 0, 2, 82, 924, 74, 4),
(871, '2022-04-25 19:57:41', '2022-01-07', '2022-01-09', 0, 2, 82, 925, 74, 4),
(875, '2022-04-28 16:35:12', '2022-01-31', '2022-02-02', 0, 2, 97, 930, 74, 4),
(876, '2022-04-28 18:17:01', '2022-01-02', '2022-01-04', 0, 2, 91, 931, 74, 4),
(877, '2022-04-28 18:20:05', '2022-01-08', '2022-01-10', 0, 2, 91, 932, 74, 4),
(878, '2022-04-28 18:42:06', '2022-01-31', '2022-02-02', 0, 2, 90, 933, 74, 4),
(879, '2022-04-28 19:02:07', '2022-01-03', '2022-01-05', 0, 2, 92, 934, 74, 4),
(880, '2022-04-28 19:11:50', '2022-01-04', '2022-01-06', 0, 2, 92, 935, 74, 4),
(881, '2022-04-28 19:17:01', '2022-01-05', '2022-01-07', 0, 2, 92, 936, 74, 4),
(882, '2022-04-28 19:20:36', '2022-01-06', '2022-01-08', 0, 2, 92, 937, 74, 4),
(883, '2022-04-28 19:24:23', '2022-01-07', '2022-01-09', 0, 2, 92, 938, 74, 4),
(884, '2022-04-28 19:41:45', '2022-01-08', '2022-01-10', 0, 2, 92, 939, 74, 4),
(885, '2022-04-28 19:56:28', '2022-01-10', '2022-01-12', 0, 2, 92, 940, 74, 4),
(889, '2022-04-28 20:12:02', '2022-01-11', '2022-01-13', 0, 2, 92, 942, 74, 4),
(899, '2022-05-03 19:00:56', '2022-05-06', '2022-05-08', 77, 1, 140, 951, 74, 4),
(900, '2022-05-03 19:04:20', '2022-05-06', '2022-05-08', 0, 2, 140, 952, 74, 4),
(901, '2022-05-03 19:07:18', '2022-05-06', '2022-05-08', 0, 2, 136, 953, 74, 4),
(902, '2022-05-03 19:09:50', '2022-05-06', '2022-05-08', 56, 1, 98, 954, 74, 4),
(905, '2022-05-03 19:16:50', '2022-05-06', '2022-05-08', 64, 1, 101, 956, 74, 4),
(906, '2022-05-03 19:18:26', '2022-05-06', '2022-05-08', 0, 2, 101, 957, 74, 4),
(907, '2022-05-03 19:21:29', '2022-05-06', '2022-05-08', 65, 1, 141, 958, 74, 4),
(908, '2022-05-03 19:22:58', '2022-05-06', '2022-05-08', 65, 1, 141, 959, 74, 4),
(909, '2022-05-03 19:26:37', '2022-05-06', '2022-05-08', 0, 2, 97, 960, 74, 4),
(910, '2022-05-03 19:29:51', '2022-05-06', '2022-05-08', 60, 1, 95, 961, 74, 4),
(911, '2022-05-03 19:32:36', '2022-05-06', '2022-05-08', 17, 1, 130, 962, 74, 4),
(912, '2022-05-03 19:35:48', '2022-05-06', '2022-05-08', 0, 2, 138, 963, 74, 4),
(913, '2022-05-03 19:38:00', '2022-05-06', '2022-05-08', 34, 1, 102, 964, 74, 4),
(915, '2022-05-03 19:51:17', '2022-05-06', '2022-05-08', 0, 2, 100, 965, 74, 4),
(916, '2022-05-03 19:55:21', '2022-05-06', '2022-05-08', 0, 2, 139, 966, 74, 4),
(917, '2022-05-03 19:57:39', '2022-05-06', '2022-05-08', 0, 2, 139, 967, 74, 4),
(926, '2022-05-04 18:55:09', '2022-05-07', '2022-05-09', 1, 1, 91, 974, 74, 4),
(927, '2022-05-04 18:58:28', '2022-05-07', '2022-05-09', 156, 1, 91, 975, 74, 4),
(929, '2022-05-04 19:00:36', '2022-05-07', '2022-05-09', 472, 1, 91, 976, 74, 4),
(930, '2022-05-04 19:02:25', '2022-05-07', '2022-05-09', 4, 1, 91, 978, 74, 4),
(932, '2022-05-04 19:12:33', '2022-05-07', '2022-05-09', 0, 2, 101, 981, 74, 4),
(934, '2022-05-04 19:16:20', '2022-05-07', '2022-05-09', 97, 1, 101, 983, 74, 4),
(935, '2022-05-04 19:18:34', '2022-05-07', '2022-05-09', 2, 1, 99, 984, 74, 4),
(936, '2022-05-04 19:21:48', '2022-05-07', '2022-05-09', 234, 1, 99, 985, 74, 4),
(937, '2022-05-05 12:24:26', '2022-05-05', '2022-05-07', 0, 2, 130, 986, 74, 4),
(939, '2022-05-05 12:50:57', '2022-05-05', '2022-05-07', 0, 2, 83, 988, 74, 4),
(941, '2022-05-05 13:23:47', '2022-05-05', '2022-05-07', 0, 2, 78, 991, 74, 4),
(943, '2022-05-07 13:58:55', '2022-05-10', '2022-05-12', 551, 1, 132, 993, 74, 4),
(944, '2022-05-07 14:01:05', '2022-05-10', '2022-05-12', 4, 1, 132, 994, 74, 4),
(945, '2022-05-07 14:02:57', '2022-05-10', '2022-05-12', 1, 1, 132, 995, 74, 4),
(946, '2022-05-07 14:05:10', '2022-05-10', '2022-05-12', 3, 1, 132, 996, 74, 4),
(947, '2022-05-07 14:06:45', '2022-05-10', '2022-05-12', 3, 1, 132, 997, 74, 4),
(948, '2022-05-07 14:13:03', '2022-05-10', '2022-05-12', 0, 2, 99, 998, 74, 4),
(949, '2022-05-07 14:15:30', '2022-05-10', '2022-05-12', 1, 1, 99, 999, 74, 4),
(950, '2022-05-07 14:17:45', '2022-05-10', '2022-05-12', 23, 1, 99, 1000, 74, 4),
(951, '2022-05-07 14:19:36', '2022-05-10', '2022-05-12', 4, 1, 99, 1001, 74, 4),
(952, '2022-05-07 14:40:21', '2022-05-10', '2022-05-12', 430, 1, 91, 1002, 74, 4),
(953, '2022-05-07 14:43:04', '2022-05-10', '2022-05-12', 1, 1, 91, 1003, 74, 4),
(954, '2022-05-07 14:45:20', '2022-05-10', '2022-05-12', 108, 1, 91, 1004, 74, 4),
(955, '2022-05-07 14:52:10', '2022-05-10', '2022-05-12', 380, 1, 138, 1005, 74, 4),
(956, '2022-05-07 14:54:43', '2022-05-10', '2022-05-12', 0, 2, 78, 1006, 74, 4),
(957, '2022-05-07 14:56:20', '2022-05-10', '2022-05-12', 0, 2, 138, 1007, 74, 4),
(958, '2022-05-07 14:58:42', '2022-05-10', '2022-05-12', 383, 1, 138, 1008, 74, 4),
(963, '2022-05-10 19:58:50', '2022-05-13', '2022-05-15', 291, 1, 102, 1013, 74, 4),
(964, '2022-05-10 20:00:43', '2022-05-13', '2022-05-15', 152, 1, 102, 1014, 74, 4),
(965, '2022-05-10 20:04:19', '2022-05-13', '2022-05-15', 468, 1, 97, 1015, 74, 4),
(966, '2022-05-10 20:06:37', '2022-05-13', '2022-05-15', 46, 1, 97, 1016, 74, 4),
(967, '2022-05-10 20:08:11', '2022-05-13', '2022-05-15', 0, 2, 97, 1017, 74, 4),
(968, '2022-05-13 11:55:33', '2022-01-12', '2022-01-14', 0, 2, 82, 1018, 74, 4),
(969, '2022-05-13 12:09:40', '2022-01-21', '2022-01-23', 0, 2, 82, 1019, 74, 4),
(970, '2022-05-13 12:18:58', '2022-01-24', '2022-01-26', 0, 2, 82, 1020, 74, 4),
(971, '2022-05-13 12:30:24', '2022-01-25', '2022-01-27', 0, 2, 82, 1021, 74, 4),
(972, '2022-05-13 13:00:28', '2022-01-26', '2022-01-28', 0, 2, 82, 1022, 74, 4),
(973, '2022-05-13 13:48:23', '2022-01-27', '2022-01-29', 0, 2, 82, 1023, 74, 4),
(974, '2022-05-14 13:40:24', '2022-05-17', '2022-05-19', 2, 1, 136, 1025, 74, 4),
(975, '2022-05-14 13:43:21', '2022-05-17', '2022-05-19', 8, 1, 136, 1026, 74, 4),
(976, '2022-05-14 13:45:35', '2022-05-17', '2022-05-19', 2, 1, 136, 1027, 74, 4),
(977, '2022-05-14 13:49:01', '2022-05-17', '2022-05-19', 171, 1, 136, 1028, 74, 4),
(978, '2022-05-16 18:29:27', '2022-05-16', '2022-05-18', 0, 2, 158, 1031, 74, 4),
(979, '2022-05-16 18:32:15', '2022-05-16', '2022-05-18', 0, 2, 83, 1032, 74, 4),
(980, '2022-05-16 18:38:09', '2022-05-16', '2022-05-18', 0, 2, 101, 1034, 74, 4),
(981, '2022-05-16 18:42:43', '2022-05-16', '2022-05-18', 0, 2, 101, 1035, 74, 4),
(982, '2022-05-16 18:46:58', '2022-04-26', '2022-04-28', 0, 2, 100, 1036, 74, 4),
(983, '2022-05-16 18:50:20', '2022-04-26', '2022-04-28', 0, 2, 83, 1037, 74, 4),
(984, '2022-05-16 18:52:38', '2022-05-11', '2022-05-13', 122, 1, 97, 1038, 74, 4),
(985, '2022-05-16 18:56:00', '2022-04-27', '2022-04-29', 0, 2, 133, 1040, 74, 4),
(986, '2022-05-16 18:58:45', '2022-05-27', '2022-05-29', 0, 2, 133, 1041, 74, 4),
(987, '2022-05-16 19:02:38', '2022-05-27', '2022-05-29', 0, 2, 103, 1042, 74, 4),
(988, '2022-05-16 19:06:45', '2022-04-28', '2022-04-30', 0, 2, 136, 1043, 74, 4),
(989, '2022-05-16 19:10:00', '2022-04-28', '2022-04-30', 0, 2, 90, 1044, 74, 4),
(990, '2022-05-16 19:13:23', '2022-04-28', '2022-04-30', 0, 2, 99, 1045, 74, 4),
(992, '2022-05-16 19:17:34', '2022-04-29', '2022-05-01', 0, 2, 101, 1047, 74, 4),
(995, '2022-05-16 19:29:09', '2022-04-29', '2022-05-01', 0, 2, 133, 1050, 74, 4),
(997, '2022-05-16 19:32:56', '2022-04-29', '2022-05-01', 0, 2, 150, 1053, 74, 4),
(999, '2022-05-16 19:36:13', '2022-04-29', '2022-05-01', 0, 2, 88, 1054, 74, 4),
(1001, '2022-05-16 19:41:08', '2022-04-30', '2022-05-02', 0, 2, 102, 1057, 74, 4),
(1002, '2022-05-16 19:43:07', '2022-04-30', '2022-05-02', 0, 2, 150, 1058, 74, 4),
(1004, '2022-05-16 19:48:52', '2022-05-02', '2022-05-04', 0, 2, 98, 1060, 74, 4),
(1005, '2022-05-16 19:52:31', '2022-05-02', '2022-05-04', 0, 2, 133, 1061, 74, 4),
(1006, '2022-05-17 11:33:18', '2022-05-03', '2022-05-05', 0, 2, 132, 1062, 74, 4),
(1007, '2022-05-17 11:36:41', '2022-05-03', '2022-05-05', 0, 2, 99, 1063, 74, 4),
(1008, '2022-05-17 11:41:20', '2022-05-03', '2022-05-05', 0, 2, 133, 1064, 74, 4),
(1009, '2022-05-17 11:43:42', '2022-05-03', '2022-05-05', 0, 2, 100, 1065, 74, 4),
(1010, '2022-05-17 11:46:46', '2022-05-04', '2022-05-06', 0, 2, 133, 1067, 74, 4),
(1011, '2022-05-17 11:49:53', '2022-05-05', '2022-05-07', 0, 2, 132, 1068, 74, 4),
(1012, '2022-05-17 11:51:43', '2022-05-05', '2022-05-07', 0, 2, 100, 1069, 74, 4),
(1013, '2022-05-17 11:53:34', '2022-05-05', '2022-05-07', 0, 2, 101, 1070, 74, 4),
(1014, '2022-05-17 11:53:35', '2022-05-05', '2022-05-07', 0, 2, 101, 1070, 74, 4),
(1015, '2022-05-17 11:56:12', '2022-05-05', '2022-05-07', 0, 2, 158, 1071, 74, 4),
(1016, '2022-05-17 12:02:18', '2022-05-05', '2022-05-07', 0, 2, 133, 1073, 74, 4),
(1017, '2022-05-17 12:05:20', '2022-05-05', '2022-05-07', 0, 2, 88, 1074, 74, 4),
(1018, '2022-05-17 12:07:44', '2022-05-06', '2022-05-08', 0, 2, 129, 1075, 74, 4),
(1019, '2022-05-17 12:09:51', '2022-05-06', '2022-05-08', 0, 2, 100, 1076, 74, 4),
(1020, '2022-05-17 12:12:23', '2022-05-06', '2022-05-08', 0, 2, 158, 1077, 74, 4),
(1021, '2022-05-17 12:14:20', '2022-05-06', '2022-05-08', 0, 2, 150, 1078, 74, 4),
(1022, '2022-05-17 12:16:29', '2022-05-07', '2022-05-09', 0, 2, 129, 1079, 74, 4),
(1023, '2022-05-17 12:18:18', '2022-05-07', '2022-05-09', 0, 2, 150, 1080, 74, 4),
(1024, '2022-05-17 12:19:48', '2022-05-10', '2022-05-12', 0, 2, 150, 1081, 74, 4),
(1025, '2022-05-17 12:24:03', '2022-05-12', '2022-05-14', 0, 2, 150, 1083, 74, 4),
(1026, '2022-05-17 12:26:01', '2022-05-13', '2022-05-15', 0, 2, 158, 1084, 74, 4),
(1027, '2022-05-17 12:28:04', '2022-05-13', '2022-05-15', 0, 2, 133, 1085, 74, 4),
(1028, '2022-05-17 12:30:53', '2022-05-13', '2022-05-15', 0, 2, 91, 1086, 74, 4),
(1029, '2022-05-17 12:34:23', '2022-05-16', '2022-05-18', 0, 2, 132, 1087, 74, 4),
(1030, '2022-05-17 12:36:33', '2022-05-16', '2022-05-18', 0, 2, 99, 1088, 74, 4),
(1031, '2022-05-17 12:38:31', '2022-05-16', '2022-05-18', 0, 2, 101, 1089, 74, 4),
(1032, '2022-05-17 15:18:17', '2022-05-05', '2022-05-07', 0, 2, 83, 1090, 74, 4),
(1033, '2022-05-17 15:33:40', '2022-05-11', '2022-05-13', 0, 2, 83, 1092, 74, 4),
(1034, '2022-05-17 15:34:54', '2022-05-13', '2022-05-15', 0, 2, 83, 1093, 74, 4),
(1035, '2022-05-17 15:45:07', '2022-04-26', '2022-04-28', 0, 2, 130, 1094, 74, 4),
(1036, '2022-05-17 15:46:54', '2022-05-04', '2022-05-06', 0, 2, 130, 1095, 74, 4),
(1037, '2022-05-17 15:48:13', '2022-05-05', '2022-05-07', 0, 2, 130, 1096, 74, 4),
(1038, '2022-05-17 15:53:15', '2022-05-10', '2022-05-12', 0, 2, 130, 1097, 74, 4),
(1039, '2022-05-17 15:54:24', '2022-05-06', '2022-05-08', 0, 2, 130, 1098, 74, 4);

-- --------------------------------------------------------

--
-- Estrutura da tabela `receber`
--

CREATE TABLE `receber` (
  `id` int(11) NOT NULL,
  `data` timestamp NULL DEFAULT current_timestamp(),
  `qtd` int(11) DEFAULT NULL,
  `disponivel` int(11) DEFAULT NULL,
  `clientes_id` int(11) NOT NULL,
  `gaiolas_id` int(11) NOT NULL,
  `setores_id` int(11) NOT NULL,
  `servicos_id` int(11) NOT NULL,
  `usuarios_id` int(11) NOT NULL
) ENGINE=InnoDB DEFAULT CHARSET=utf8mb4;

--
-- Extraindo dados da tabela `receber`
--

INSERT INTO `receber` (`id`, `data`, `qtd`, `disponivel`, `clientes_id`, `gaiolas_id`, `setores_id`, `servicos_id`, `usuarios_id`) VALUES
(209, '2022-01-04 03:00:24', 19, 0, 8, 68, 1, 1, 4),
(210, '2022-01-05 03:00:06', 2, 0, 8, 68, 1, 1, 4),
(211, '2022-01-06 03:00:15', 34, 0, 8, 68, 1, 1, 4),
(212, '2022-01-07 03:00:44', 15, 0, 8, 68, 1, 1, 4),
(213, '2022-01-08 03:00:12', 21, 0, 8, 68, 1, 1, 4),
(214, '2022-01-09 03:00:29', 9, 0, 8, 68, 1, 1, 4),
(215, '2022-01-10 03:00:44', 16, 0, 8, 68, 1, 1, 4),
(216, '2022-01-11 03:00:10', 19, 0, 8, 68, 1, 1, 4),
(217, '2022-01-12 03:00:46', 14, 0, 8, 68, 1, 1, 4),
(218, '2022-01-13 03:00:55', 14, 0, 8, 68, 1, 1, 4),
(219, '2022-01-14 03:00:06', 32, 0, 8, 68, 1, 1, 4),
(220, '2022-01-15 03:00:26', 10, 0, 8, 68, 1, 1, 4),
(221, '2022-01-16 03:00:49', 18, 0, 8, 68, 1, 1, 4),
(222, '2022-01-17 03:00:36', 9, 0, 8, 68, 1, 1, 4),
(223, '2022-01-18 03:00:05', 31, 0, 8, 68, 1, 1, 4),
(224, '2022-01-19 03:00:46', 27, 0, 8, 68, 1, 1, 4),
(225, '2022-01-20 03:00:09', 38, 0, 8, 68, 1, 1, 4),
(226, '2022-01-21 03:00:37', 15, 0, 8, 68, 1, 1, 4),
(227, '2022-01-22 03:00:19', 10, 0, 8, 68, 1, 1, 4),
(228, '2022-01-23 19:13:59', 25, 0, 8, 68, 1, 1, 4),
(229, '2022-01-24 03:00:05', 5, 0, 8, 68, 1, 1, 4),
(230, '2022-01-25 03:00:17', 31, 0, 8, 68, 1, 1, 4),
(231, '2022-01-26 03:00:44', 22, 0, 8, 68, 1, 1, 4),
(232, '2022-01-27 03:00:58', 60, 0, 8, 68, 1, 1, 4),
(233, '2022-01-29 03:00:13', 1, 0, 8, 68, 1, 1, 4),
(234, '2022-01-31 03:00:23', 53, 0, 8, 68, 1, 1, 4),
(235, '2022-01-04 03:00:54', 10, 0, 9, 68, 1, 1, 4),
(236, '2022-01-05 03:00:10', 2, 0, 9, 68, 1, 1, 4),
(237, '2022-01-09 03:00:22', 1, 0, 9, 68, 1, 1, 4),
(238, '2022-01-10 03:00:19', 4, 0, 9, 68, 1, 1, 4),
(239, '2022-01-11 03:00:37', 11, 0, 9, 68, 1, 1, 4),
(240, '2022-01-15 03:00:39', 5, 0, 9, 68, 1, 1, 4),
(241, '2022-01-17 03:00:52', 4, 0, 9, 68, 1, 1, 4),
(242, '2022-01-18 03:00:31', 1, 0, 9, 68, 1, 1, 4),
(243, '2022-01-19 03:00:44', 6, 0, 9, 68, 1, 1, 4),
(244, '2022-01-24 03:00:06', 2, 0, 9, 68, 1, 1, 4),
(245, '2022-01-25 03:00:21', 1, 0, 9, 68, 1, 1, 4),
(246, '2022-01-28 03:00:03', 6, 0, 9, 68, 1, 1, 4),
(247, '2022-01-29 03:00:20', 1, 0, 9, 68, 1, 1, 4),
(248, '2022-01-31 03:00:28', 1, 0, 9, 68, 1, 1, 4),
(249, '2022-01-05 03:00:39', 1, 0, 10, 68, 1, 1, 4),
(250, '2022-01-07 03:00:55', 33, 0, 10, 68, 1, 1, 4),
(251, '2022-01-08 03:00:19', 1, 0, 10, 68, 1, 1, 4),
(252, '2022-01-18 03:00:19', 1, 0, 10, 68, 1, 1, 4),
(256, '2022-01-29 03:00:33', 12, 0, 10, 68, 1, 1, 4),
(257, '2022-01-24 03:00:07', 21, 0, 10, 68, 1, 1, 4),
(258, '2022-01-25 03:00:34', 4, 0, 10, 68, 1, 1, 4),
(259, '2022-01-26 03:00:15', 2, 0, 10, 68, 1, 1, 4),
(260, '2022-01-28 03:00:35', 36, 0, 10, 68, 1, 1, 4),
(261, '2022-01-31 03:00:23', 2, 0, 10, 68, 1, 1, 4),
(264, '2022-01-10 21:09:05', 1, 0, 8, 41, 1, 1, 4),
(265, '2022-01-25 16:56:29', 34, 0, 8, 41, 1, 1, 4),
(266, '2022-01-26 17:04:49', 19, 0, 8, 41, 1, 1, 4),
(267, '2022-01-27 17:11:32', 20, 0, 8, 41, 1, 1, 4),
(268, '2022-01-28 17:17:58', 2, 0, 8, 41, 1, 1, 4),
(269, '2022-01-29 17:38:42', 11, 0, 8, 41, 1, 1, 4),
(270, '2022-01-31 17:48:05', 14, 0, 8, 41, 1, 1, 4),
(272, '2022-01-05 18:10:29', 8, 0, 9, 41, 1, 1, 4),
(273, '2022-01-06 18:18:45', 3, 0, 9, 41, 1, 1, 4),
(274, '2022-01-13 18:28:43', 7, 0, 9, 41, 1, 1, 4),
(275, '2022-01-24 18:33:29', 3, 0, 9, 41, 1, 1, 4),
(276, '2022-01-25 18:49:59', 15, 0, 9, 41, 1, 1, 4),
(277, '2022-01-26 18:59:41', 6, 0, 9, 41, 1, 1, 4),
(278, '2022-01-27 19:11:13', 4, 0, 9, 41, 1, 1, 4),
(279, '2022-01-31 19:24:45', 6, 0, 9, 41, 1, 1, 4),
(280, '2022-01-05 16:42:23', 7, 0, 10, 41, 1, 1, 4),
(281, '2022-01-07 16:47:19', 7, 0, 10, 41, 1, 1, 4),
(282, '2022-01-08 19:45:03', 11, 0, 10, 41, 1, 1, 4),
(284, '2022-01-11 19:57:19', 20, 0, 10, 41, 1, 1, 4),
(285, '2022-01-12 19:59:54', 3, 0, 10, 41, 1, 1, 4),
(288, '2022-01-24 15:02:53', 13, 0, 10, 41, 1, 1, 4),
(289, '2022-01-25 15:52:38', 15, 0, 10, 41, 1, 1, 4),
(290, '2022-01-13 16:15:02', 1, 0, 10, 41, 1, 1, 4),
(291, '2022-01-26 16:16:40', 3, 0, 10, 41, 1, 1, 4),
(292, '2022-01-26 16:32:58', 15, 0, 10, 41, 1, 1, 4),
(293, '2022-01-27 16:40:35', 12, 0, 10, 41, 1, 1, 4),
(294, '2022-01-28 16:49:46', 1, 0, 10, 41, 1, 1, 4),
(295, '2022-01-03 16:50:35', 10, 0, 8, 39, 1, 1, 4),
(296, '2022-01-04 16:58:29', 14, 0, 8, 39, 1, 1, 4),
(298, '2022-01-05 17:01:34', 8, 0, 8, 39, 1, 1, 4),
(299, '2022-01-06 17:10:50', 12, 0, 8, 39, 1, 1, 4),
(300, '2022-01-07 17:17:29', 17, 0, 8, 39, 1, 1, 4),
(301, '2022-01-08 17:24:47', 3, 0, 8, 39, 1, 1, 4),
(302, '2022-01-10 17:36:02', 4, 0, 8, 39, 1, 1, 4),
(303, '2022-01-11 17:48:48', 20, 0, 8, 39, 1, 1, 4),
(304, '2022-01-12 17:55:46', 5, 0, 8, 39, 1, 1, 4),
(305, '2022-01-13 18:37:15', 5, 0, 8, 39, 1, 1, 4),
(306, '2022-01-15 18:43:30', 15, 0, 8, 39, 1, 1, 4),
(307, '2022-01-17 18:46:58', 13, 0, 8, 39, 1, 1, 4),
(308, '2022-01-18 18:48:53', 19, 0, 8, 39, 1, 1, 4),
(309, '2022-01-19 18:50:26', 13, 0, 8, 39, 1, 1, 4),
(311, '2022-01-21 18:54:38', 21, 0, 8, 39, 1, 1, 4),
(312, '2022-01-24 19:11:49', 3, 0, 8, 39, 1, 1, 4),
(313, '2022-01-25 19:22:07', 16, 0, 8, 39, 1, 1, 4),
(314, '2022-01-26 19:29:10', 9, 0, 8, 39, 1, 1, 4),
(315, '2022-01-27 19:33:54', 18, 0, 8, 39, 1, 1, 4),
(316, '2022-01-28 19:41:01', 21, 0, 8, 39, 1, 1, 4),
(317, '2022-01-29 16:10:08', 6, 0, 8, 39, 1, 1, 4),
(318, '2022-01-31 16:23:40', 21, 0, 8, 39, 1, 1, 4),
(319, '2022-01-04 16:36:45', 2, 0, 9, 39, 1, 1, 4),
(320, '2022-01-06 16:41:59', 3, 0, 9, 39, 1, 1, 4),
(321, '2022-01-07 19:44:12', 3, 0, 9, 39, 1, 1, 4),
(322, '2022-01-11 19:48:27', 5, 0, 9, 39, 1, 1, 4),
(323, '2022-01-18 16:13:56', 1, 0, 9, 39, 1, 1, 4),
(324, '2022-01-20 16:24:28', 3, 0, 9, 39, 1, 1, 4),
(325, '2022-01-21 16:33:33', 2, 0, 9, 39, 1, 1, 4),
(326, '2022-01-24 16:40:44', 2, 0, 9, 39, 1, 1, 4),
(327, '2022-01-25 16:55:40', 3, 0, 9, 39, 1, 1, 4),
(328, '2022-01-28 17:00:14', 1, 0, 9, 39, 1, 1, 4),
(329, '2022-01-29 17:06:54', 1, 0, 9, 39, 1, 1, 4),
(330, '2022-01-31 17:10:19', 4, 0, 9, 39, 1, 1, 4),
(331, '2022-01-05 17:33:26', 1, 0, 10, 39, 1, 1, 4),
(332, '2022-01-06 17:38:25', 2, 0, 10, 39, 1, 1, 4),
(333, '2022-01-07 17:46:05', 6, 0, 10, 39, 1, 1, 4),
(334, '2022-01-08 18:01:48', 1, 0, 10, 39, 1, 1, 4),
(335, '2022-01-11 18:09:49', 2, 0, 10, 39, 1, 1, 4),
(336, '2022-01-12 18:14:19', 4, 0, 10, 39, 1, 1, 4),
(339, '2022-01-18 18:33:44', 5, 0, 10, 39, 1, 1, 4),
(340, '2022-01-19 19:03:34', 3, 0, 10, 39, 1, 1, 4),
(342, '2022-01-04 21:49:58', 24, 0, 8, 44, 1, 1, 4),
(343, '2022-01-05 21:55:32', 15, 0, 8, 44, 1, 1, 4),
(344, '2022-01-06 21:57:01', 7, 0, 8, 44, 1, 1, 4),
(345, '2022-01-07 21:58:39', 12, 0, 8, 44, 1, 1, 4),
(346, '2022-01-08 22:01:12', 12, 0, 8, 44, 1, 1, 4),
(347, '2022-01-09 22:02:22', 3, 0, 8, 44, 1, 1, 4),
(348, '2022-01-11 22:03:32', 23, 0, 8, 44, 1, 1, 4),
(349, '2022-01-12 22:04:44', 8, 0, 8, 44, 1, 1, 4),
(350, '2022-01-13 22:06:01', 7, 0, 8, 44, 1, 1, 4),
(351, '2022-01-14 22:07:22', 15, 0, 8, 44, 1, 1, 4),
(352, '2022-01-17 22:08:58', 13, 0, 8, 44, 1, 1, 4),
(353, '2022-01-18 22:10:27', 13, 0, 8, 44, 1, 1, 4),
(355, '2022-01-19 22:14:26', 5, 0, 8, 44, 1, 1, 4),
(356, '2022-01-20 22:15:22', 13, 0, 8, 44, 1, 1, 4),
(357, '2022-01-21 22:16:28', 37, 0, 8, 44, 1, 1, 4),
(358, '2022-01-24 22:17:51', 29, 0, 8, 44, 1, 1, 4),
(359, '2022-01-25 22:19:11', 7, 0, 8, 44, 1, 1, 4),
(360, '2022-01-26 22:20:19', 2, 0, 8, 44, 1, 1, 4),
(361, '2022-01-27 22:21:37', 21, 0, 8, 44, 1, 1, 4),
(362, '2022-01-28 22:22:47', 19, 0, 8, 44, 1, 1, 4),
(363, '2022-01-29 22:24:31', 1, 0, 8, 44, 1, 1, 4),
(364, '2022-01-30 22:25:34', 14, 0, 8, 44, 1, 1, 4),
(365, '2022-01-31 22:26:38', 8, 0, 8, 44, 1, 1, 4),
(366, '2022-01-03 22:27:46', 16, 0, 8, 76, 1, 1, 4),
(367, '2022-01-04 22:32:01', 3, 0, 8, 76, 1, 1, 4),
(368, '2022-01-06 22:33:42', 16, 0, 8, 76, 1, 1, 4),
(369, '2022-01-07 22:35:27', 16, 0, 8, 76, 1, 1, 4),
(370, '2022-01-08 22:36:49', 14, 0, 8, 76, 1, 1, 4),
(371, '2022-01-10 22:38:20', 14, 0, 8, 76, 1, 1, 4),
(372, '2022-01-11 22:39:22', 6, 0, 8, 76, 1, 1, 4),
(373, '2022-01-12 22:41:00', 10, 0, 8, 76, 1, 1, 4),
(374, '2022-01-13 22:42:30', 29, 0, 8, 76, 1, 1, 4),
(375, '2022-01-14 22:49:46', 13, 0, 8, 76, 1, 1, 4),
(376, '2022-01-15 22:51:26', 15, 0, 8, 76, 1, 1, 4),
(377, '2022-01-17 22:52:36', 5, 0, 8, 76, 1, 1, 4),
(378, '2022-01-18 22:54:26', 22, 0, 8, 76, 1, 1, 4),
(379, '2022-01-19 22:56:52', 23, 0, 8, 76, 1, 1, 4),
(380, '2022-01-20 22:57:55', 41, 0, 8, 76, 1, 1, 4),
(381, '2022-01-21 22:59:08', 4, 0, 8, 76, 1, 1, 4),
(382, '2022-01-22 23:00:10', 24, 0, 8, 76, 1, 1, 4),
(383, '2022-01-24 23:02:17', 19, 0, 8, 76, 1, 1, 4),
(384, '2022-01-25 23:03:37', 27, 0, 8, 76, 1, 1, 4),
(385, '2022-01-26 23:04:48', 36, 0, 8, 76, 1, 1, 4),
(386, '2022-01-27 23:06:03', 12, 0, 8, 76, 1, 1, 4),
(387, '2022-01-28 23:07:59', 11, 0, 8, 76, 1, 1, 4),
(388, '2022-01-29 23:09:21', 25, 0, 8, 76, 1, 1, 4),
(389, '2022-01-31 23:10:47', 26, 0, 8, 76, 1, 1, 4),
(390, '2022-01-20 16:15:44', 5, 0, 10, 39, 1, 1, 4),
(391, '2022-01-21 16:33:53', 1, 0, 10, 39, 1, 1, 4),
(392, '2022-01-24 16:51:12', 2, 0, 10, 39, 1, 1, 4),
(393, '2022-01-26 16:52:29', 5, 0, 10, 39, 1, 1, 4),
(395, '2022-01-28 16:59:01', 8, 0, 10, 39, 1, 1, 4),
(396, '2022-01-29 17:00:33', 2, 0, 10, 39, 1, 1, 4),
(397, '2022-01-31 17:03:29', 12, 0, 10, 39, 1, 1, 4),
(398, '2022-01-27 17:28:41', 8, 0, 10, 39, 1, 1, 4),
(399, '2022-01-20 17:31:02', 19, 0, 8, 39, 1, 1, 4),
(400, '2022-01-03 17:44:29', 2, 0, 8, 44, 1, 1, 4),
(401, '2022-01-03 18:06:11', 15, 0, 9, 44, 1, 1, 4),
(402, '2022-01-06 18:13:18', 2, 0, 9, 44, 1, 1, 4),
(403, '2022-01-10 18:15:31', 7, 0, 9, 44, 1, 1, 4),
(404, '2022-01-17 18:20:58', 3, 0, 9, 44, 1, 1, 4),
(405, '2022-01-19 18:24:41', 12, 0, 9, 44, 1, 1, 4),
(406, '2022-01-24 18:36:40', 15, 0, 9, 44, 1, 1, 4),
(407, '2022-01-26 18:45:49', 3, 0, 9, 44, 1, 1, 4),
(408, '2022-01-28 18:49:38', 4, 0, 9, 44, 1, 1, 4),
(409, '2022-01-31 18:54:52', 18, 0, 9, 44, 1, 1, 4),
(410, '2022-01-03 19:07:09', 1, 0, 10, 44, 1, 1, 4),
(411, '2022-01-05 19:09:24', 2, 0, 10, 44, 1, 1, 4),
(412, '2022-01-06 19:11:35', 17, 0, 10, 44, 1, 1, 4),
(413, '2022-01-07 19:30:32', 5, 0, 10, 44, 1, 1, 4),
(414, '2022-01-10 19:31:58', 22, 0, 10, 44, 1, 1, 4),
(415, '2022-01-14 19:38:09', 1, 0, 10, 44, 1, 1, 4),
(416, '2022-01-17 19:42:19', 16, 0, 10, 44, 1, 1, 4),
(417, '2022-01-19 19:46:54', 1, 0, 10, 44, 1, 1, 4),
(418, '2022-01-24 19:56:20', 33, 0, 10, 44, 1, 1, 4),
(419, '2022-01-26 16:14:11', 13, 0, 10, 44, 1, 1, 4),
(420, '2022-01-28 16:19:48', 6, 0, 10, 44, 1, 1, 4),
(421, '2022-01-31 16:24:59', 7, 0, 10, 44, 1, 1, 4),
(422, '2022-01-02 16:29:10', 11, 0, 8, 75, 1, 1, 4),
(423, '2022-01-04 16:32:03', 16, 0, 9, 76, 1, 1, 4),
(424, '2022-01-03 16:34:43', 1, 0, 8, 75, 1, 1, 4),
(425, '2022-01-07 16:35:44', 1, 0, 9, 76, 1, 1, 4),
(426, '2022-01-04 16:35:51', 6, 0, 8, 75, 1, 1, 4),
(427, '2022-01-10 16:37:00', 13, 0, 9, 76, 1, 1, 4),
(428, '2022-01-10 16:37:44', 1, 0, 8, 75, 1, 1, 4),
(429, '2022-01-11 16:38:20', 2, 0, 9, 76, 1, 1, 4),
(431, '2022-01-12 16:43:20', 2, 0, 9, 76, 1, 1, 4),
(432, '2022-01-15 16:45:54', 3, 0, 9, 76, 1, 1, 4),
(433, '2022-01-02 16:46:35', 2, 0, 9, 75, 1, 1, 4),
(434, '2022-01-03 16:47:38', 1, 0, 9, 75, 1, 1, 4),
(435, '2022-01-17 16:47:40', 1, 0, 9, 76, 1, 1, 4),
(436, '2022-01-04 16:48:40', 4, 0, 9, 75, 1, 1, 4),
(437, '2022-01-18 16:49:32', 5, 0, 9, 75, 1, 1, 4),
(438, '2022-01-18 16:50:21', 14, 0, 9, 76, 1, 1, 4),
(439, '2022-01-06 16:50:56', 1, 0, 10, 75, 1, 1, 4),
(440, '2022-01-11 16:52:47', 1, 0, 10, 75, 1, 1, 4),
(441, '2022-01-20 16:52:17', 1, 0, 9, 76, 1, 1, 4),
(442, '2022-01-18 16:59:59', 21, 0, 10, 48, 1, 1, 4),
(443, '2022-01-20 17:01:13', 1, 0, 10, 48, 1, 1, 4),
(444, '2022-01-22 17:02:05', 33, 0, 9, 48, 1, 1, 4),
(445, '2022-01-24 17:03:31', 1, 0, 10, 48, 1, 1, 4),
(446, '2022-01-26 17:04:42', 23, 0, 10, 48, 1, 1, 4),
(447, '2022-01-31 17:05:38', 1, 0, 10, 48, 1, 1, 4),
(448, '2022-01-06 17:06:25', 33, 0, 10, 48, 1, 1, 4),
(449, '2022-01-07 17:07:46', 1, 0, 10, 48, 1, 1, 4),
(450, '2022-01-10 17:08:29', 28, 0, 10, 48, 1, 1, 4),
(451, '2022-01-03 17:09:29', 25, 0, 8, 48, 1, 1, 4),
(452, '2022-01-04 17:12:48', 11, 0, 8, 48, 1, 1, 4),
(453, '2022-01-05 17:14:51', 10, 0, 8, 48, 1, 1, 4),
(454, '2022-01-06 17:16:24', 15, 0, 8, 48, 1, 1, 4),
(455, '2022-01-07 17:17:10', 33, 0, 8, 48, 1, 1, 4),
(456, '2022-01-09 17:18:11', 17, 0, 8, 48, 1, 1, 4),
(457, '2022-01-11 17:19:01', 76, 0, 8, 48, 1, 1, 4),
(458, '2022-01-12 17:19:50', 19, 0, 8, 48, 1, 1, 4),
(459, '2022-01-13 17:20:34', 5, 0, 8, 48, 1, 1, 4),
(460, '2022-01-14 17:21:39', 8, 0, 8, 48, 1, 1, 4),
(461, '2022-01-15 17:22:34', 12, 0, 8, 48, 1, 1, 4),
(462, '2022-01-17 17:23:18', 56, 0, 8, 48, 1, 1, 4),
(463, '2022-01-18 17:24:01', 28, 0, 8, 48, 1, 1, 4),
(464, '2022-01-19 17:24:46', 48, 0, 8, 48, 1, 1, 4),
(465, '2022-01-20 17:25:30', 29, 0, 8, 48, 1, 1, 4),
(466, '2022-01-21 17:26:16', 91, 0, 8, 48, 1, 1, 4),
(467, '2022-01-24 17:27:14', 56, 0, 8, 48, 1, 1, 4),
(468, '2022-01-25 17:28:02', 62, 0, 8, 48, 1, 1, 4),
(469, '2022-01-26 17:29:03', 35, 0, 8, 48, 1, 1, 4),
(470, '2022-01-27 17:30:03', 37, 0, 8, 48, 1, 1, 4),
(471, '2022-01-28 17:31:01', 56, 0, 8, 48, 1, 1, 4),
(472, '2022-01-29 17:31:45', 1, 0, 8, 48, 1, 1, 4),
(473, '2022-01-31 17:32:28', 72, 0, 8, 48, 1, 1, 4),
(474, '2022-01-04 17:33:28', 14, 0, 9, 48, 1, 1, 4),
(475, '2022-01-10 17:35:22', 28, 0, 9, 48, 1, 1, 4),
(476, '2022-01-13 17:36:27', 2, 0, 9, 48, 1, 1, 4),
(477, '2022-01-18 17:37:24', 10, 0, 9, 48, 1, 1, 4),
(478, '2022-01-20 17:38:37', 2, 0, 9, 48, 1, 1, 4),
(479, '2022-01-22 17:39:32', 16, 0, 9, 48, 1, 1, 4),
(480, '2022-01-25 17:40:25', 2, 0, 9, 48, 1, 1, 4),
(481, '2022-01-26 17:41:20', 5, 0, 9, 48, 1, 1, 4),
(482, '2022-01-29 17:42:23', 4, 0, 9, 48, 1, 1, 4),
(483, '2022-01-03 18:01:14', 19, 0, 8, 73, 1, 1, 4),
(484, '2022-01-05 18:03:21', 1, 0, 8, 73, 1, 1, 4),
(485, '2022-01-06 18:04:23', 20, 0, 8, 73, 1, 1, 4),
(486, '2022-01-07 18:05:32', 10, 0, 8, 73, 1, 1, 4),
(487, '2022-01-10 18:08:13', 19, 0, 8, 73, 1, 1, 4),
(488, '2022-01-11 18:09:09', 1, 0, 8, 73, 1, 1, 4),
(489, '2022-01-12 18:11:52', 8, 0, 8, 73, 1, 1, 4),
(490, '2022-01-13 18:18:09', 13, 0, 8, 73, 1, 1, 4),
(491, '2022-01-14 18:19:21', 10, 0, 8, 73, 1, 1, 4),
(492, '2022-01-17 18:20:12', 16, 0, 8, 73, 1, 1, 4),
(495, '2022-01-20 18:25:54', 24, 0, 8, 73, 1, 1, 4),
(496, '2022-01-21 18:28:48', 1, 0, 8, 73, 1, 1, 4),
(497, '2022-01-24 18:30:05', 40, 0, 8, 73, 1, 1, 4),
(498, '2022-01-25 18:32:27', 17, 0, 8, 73, 1, 1, 4),
(499, '2022-01-26 18:34:17', 34, 0, 8, 73, 1, 1, 4),
(500, '2022-01-31 18:35:20', 37, 0, 8, 73, 1, 1, 4),
(501, '2022-01-04 18:36:15', 9, 0, 9, 73, 1, 1, 4),
(502, '2022-01-06 18:37:47', 2, 0, 9, 73, 1, 1, 4),
(503, '2022-01-07 18:38:43', 3, 0, 9, 73, 1, 1, 4),
(504, '2022-01-10 18:39:33', 7, 0, 9, 73, 1, 1, 4),
(505, '2022-01-11 18:40:27', 8, 0, 9, 73, 1, 1, 4),
(506, '2022-01-12 18:41:18', 2, 0, 9, 73, 1, 1, 4),
(507, '2022-01-13 18:42:08', 1, 0, 9, 73, 1, 1, 4),
(508, '2022-01-17 18:43:03', 4, 0, 9, 73, 1, 1, 4),
(509, '2022-01-18 18:44:18', 9, 0, 9, 73, 1, 1, 4),
(510, '2022-01-21 18:45:42', 3, 0, 9, 73, 1, 1, 4),
(511, '2022-01-24 18:46:33', 14, 0, 9, 73, 1, 1, 4),
(512, '2022-01-25 18:48:07', 5, 0, 9, 73, 1, 1, 4),
(514, '2022-01-26 18:51:17', 3, 0, 9, 73, 1, 1, 4),
(515, '2022-01-27 18:52:04', 2, 0, 9, 73, 1, 1, 4),
(516, '2022-01-28 18:52:51', 1, 0, 9, 73, 1, 1, 4),
(517, '2022-01-31 18:54:25', 1, 0, 8, 73, 1, 1, 4),
(518, '2022-01-21 18:54:19', 3, 0, 9, 76, 1, 1, 4),
(519, '2022-01-22 18:55:38', 5, 0, 9, 76, 1, 1, 4),
(520, '2022-01-24 18:57:23', 7, 0, 9, 76, 1, 1, 4),
(521, '2022-01-27 19:00:24', 2, 0, 9, 76, 1, 1, 4),
(522, '2022-01-28 19:02:40', 6, 0, 9, 76, 1, 1, 4),
(524, '2022-01-03 19:06:21', 1, 0, 10, 73, 1, 1, 4),
(525, '2022-01-05 19:07:32', 49, 0, 10, 73, 1, 1, 4),
(526, '2022-01-06 19:08:31', 3, 0, 10, 73, 1, 1, 4),
(527, '2022-01-07 19:09:22', 1, 0, 10, 73, 1, 1, 4),
(528, '2022-01-31 19:09:07', 1, 0, 9, 76, 1, 1, 4),
(529, '2022-01-10 19:11:12', 30, 0, 10, 73, 1, 1, 4),
(530, '2022-01-11 19:12:07', 2, 0, 10, 73, 1, 1, 4),
(531, '2022-01-17 19:12:48', 21, 0, 10, 73, 1, 1, 4),
(532, '2022-01-24 19:14:27', 51, 0, 10, 73, 1, 1, 4),
(533, '2022-01-03 19:12:39', 1, 0, 10, 76, 1, 1, 4),
(534, '2022-01-05 19:21:46', 15, 0, 10, 76, 1, 1, 4),
(535, '2022-01-26 19:27:42', 34, 0, 10, 73, 1, 1, 4),
(536, '2022-01-27 19:29:03', 2, 0, 10, 73, 1, 1, 4),
(537, '2022-01-07 19:35:21', 3, 0, 10, 76, 1, 1, 4),
(540, '2022-01-10 19:42:43', 13, 0, 10, 76, 1, 1, 4),
(541, '2022-01-11 19:51:19', 7, 0, 10, 76, 1, 1, 4),
(542, '2022-01-18 20:02:03', 17, 0, 8, 73, 1, 1, 4),
(543, '2022-01-03 20:07:31', 29, 0, 8, 59, 1, 1, 4),
(544, '2022-01-04 20:14:46', 1, 0, 8, 59, 1, 1, 4),
(545, '2022-01-05 20:16:06', 1, 0, 8, 59, 1, 1, 4),
(546, '2022-01-06 20:17:07', 16, 0, 8, 59, 1, 1, 4),
(547, '2022-01-07 20:18:05', 22, 0, 8, 59, 1, 1, 4),
(548, '2022-01-08 20:18:50', 1, 0, 8, 59, 1, 1, 4),
(549, '2022-01-10 20:20:32', 19, 0, 8, 59, 1, 1, 4),
(550, '2022-01-11 20:21:28', 2, 0, 8, 59, 1, 1, 4),
(551, '2022-01-12 20:22:23', 8, 0, 8, 59, 1, 1, 4),
(552, '2022-01-13 20:23:14', 17, 0, 8, 59, 1, 1, 4),
(553, '2022-01-14 20:24:10', 10, 0, 8, 59, 1, 1, 4),
(554, '2022-01-17 20:24:54', 26, 0, 8, 59, 1, 1, 4),
(555, '2022-01-18 20:26:50', 20, 0, 8, 59, 1, 1, 4),
(556, '2022-01-20 20:27:38', 23, 0, 8, 59, 1, 1, 4),
(557, '2022-01-21 20:28:38', 2, 0, 8, 59, 1, 1, 4),
(558, '2022-01-24 20:29:36', 28, 0, 8, 59, 1, 1, 4),
(559, '2022-01-25 20:31:55', 34, 0, 8, 59, 1, 1, 4),
(561, '2022-01-26 20:33:27', 26, 0, 8, 59, 1, 1, 4),
(562, '2022-01-27 20:34:04', 4, 0, 8, 59, 1, 1, 4),
(563, '2022-01-28 20:34:47', 7, 0, 8, 59, 1, 1, 4),
(564, '2022-01-31 20:35:44', 27, 0, 8, 59, 1, 1, 4),
(565, '2022-01-04 20:36:33', 14, 0, 9, 59, 1, 1, 4),
(566, '2022-01-07 20:38:24', 3, 0, 9, 59, 1, 1, 4),
(567, '2022-01-10 20:39:06', 9, 0, 9, 59, 1, 1, 4),
(568, '2022-01-11 20:39:46', 9, 0, 9, 59, 1, 1, 4),
(569, '2022-01-12 20:40:30', 5, 0, 9, 59, 1, 1, 4),
(570, '2022-01-19 20:41:45', 13, 0, 9, 59, 1, 1, 4),
(571, '2022-01-20 20:42:25', 3, 0, 9, 59, 1, 1, 4),
(572, '2022-01-22 20:43:18', 1, 0, 9, 59, 1, 1, 4),
(573, '2022-01-24 20:43:57', 8, 0, 9, 59, 1, 1, 4),
(574, '2022-01-27 20:44:39', 8, 0, 9, 59, 1, 1, 4),
(575, '2022-01-28 20:45:20', 4, 0, 9, 59, 1, 1, 4),
(576, '2022-01-31 20:46:07', 1, 0, 9, 59, 1, 1, 4),
(577, '2022-01-03 14:24:43', 4, 0, 8, 78, 1, 1, 4),
(578, '2022-01-04 14:52:10', 25, 0, 8, 78, 1, 1, 4),
(579, '2022-01-05 14:58:07', 1, 0, 8, 78, 1, 1, 4),
(580, '2022-01-06 14:59:00', 29, 0, 8, 78, 1, 1, 4),
(581, '2022-01-07 15:00:20', 37, 0, 8, 78, 1, 1, 4),
(582, '2022-01-08 15:00:55', 1, 0, 8, 78, 1, 1, 4),
(583, '2022-01-10 15:04:37', 35, 0, 8, 78, 1, 1, 4),
(584, '2022-01-11 15:05:22', 26, 0, 8, 78, 1, 1, 4),
(585, '2022-01-12 15:06:28', 24, 0, 8, 78, 1, 1, 4),
(586, '2022-01-13 15:07:21', 23, 0, 8, 78, 1, 1, 4),
(587, '2022-01-14 15:07:58', 25, 0, 8, 78, 1, 1, 4),
(588, '2022-01-15 15:09:13', 26, 0, 8, 78, 1, 1, 4),
(589, '2022-01-17 15:09:55', 28, 0, 8, 78, 1, 1, 4),
(590, '2022-01-18 15:10:50', 56, 0, 8, 78, 1, 1, 4),
(591, '2022-01-19 15:11:37', 2, 0, 8, 78, 1, 1, 4),
(592, '2022-01-20 15:12:32', 62, 0, 8, 78, 1, 1, 4),
(593, '2022-01-21 15:13:27', 17, 0, 8, 78, 1, 1, 4),
(594, '2022-01-24 15:14:13', 65, 0, 8, 78, 1, 1, 4),
(595, '2022-01-25 15:15:11', 10, 0, 8, 78, 1, 1, 4),
(596, '2022-01-26 15:16:18', 108, 0, 8, 78, 1, 1, 4),
(597, '2022-01-27 15:17:23', 7, 0, 8, 78, 1, 1, 4),
(598, '2022-01-28 15:18:15', 4, 0, 8, 78, 1, 1, 4),
(599, '2022-01-29 15:19:16', 33, 0, 8, 78, 1, 1, 4),
(600, '2022-01-31 15:20:00', 49, 0, 8, 78, 1, 1, 4),
(601, '2022-01-04 15:20:51', 25, 0, 9, 78, 1, 1, 4),
(602, '2022-01-07 15:22:05', 6, 0, 9, 78, 1, 1, 4),
(603, '2022-01-11 15:26:40', 39, 0, 9, 78, 1, 1, 4),
(604, '2022-01-12 15:28:08', 18, 0, 9, 78, 1, 1, 4),
(605, '2022-01-13 15:28:53', 1, 0, 9, 78, 1, 1, 4),
(606, '2022-01-18 15:29:40', 33, 0, 9, 78, 1, 1, 4),
(607, '2022-01-24 15:31:18', 38, 0, 9, 78, 1, 1, 4),
(608, '2022-01-25 15:32:24', 12, 0, 9, 78, 1, 1, 4),
(609, '2022-01-26 15:33:25', 40, 0, 9, 78, 1, 1, 4),
(610, '2022-01-27 15:34:20', 12, 0, 9, 78, 1, 1, 4),
(611, '2022-01-31 15:35:28', 59, 0, 9, 78, 1, 1, 4),
(612, '2022-01-17 16:13:16', 17, 0, 10, 76, 1, 1, 4),
(613, '2022-01-20 16:18:38', 1, 0, 10, 76, 1, 1, 4),
(614, '2022-01-24 16:20:00', 20, 0, 10, 76, 1, 1, 4),
(615, '2022-01-27 16:22:51', 32, 0, 10, 76, 1, 1, 4),
(616, '2022-01-31 16:26:07', 5, 0, 10, 76, 1, 1, 4),
(617, '2022-01-07 16:48:18', 75, 0, 10, 78, 1, 1, 4),
(618, '2022-01-10 16:49:13', 5, 0, 10, 78, 1, 1, 4),
(619, '2022-01-11 16:49:59', 57, 0, 10, 78, 1, 1, 4),
(620, '2022-01-13 16:51:23', 1, 0, 10, 78, 1, 1, 4),
(621, '2022-01-18 16:52:12', 30, 0, 10, 78, 1, 1, 4),
(622, '2022-01-19 16:57:06', 6, 0, 10, 78, 1, 1, 4),
(627, '2022-01-25 17:05:06', 156, 0, 10, 78, 1, 1, 4),
(628, '2022-01-26 17:06:24', 11, 0, 10, 78, 1, 1, 4),
(629, '2022-01-29 17:07:22', 12, 0, 10, 78, 1, 1, 4),
(630, '2022-01-31 17:08:15', 2, 0, 10, 78, 1, 1, 4),
(631, '2022-01-03 18:15:52', 79, 0, 8, 42, 1, 1, 4),
(632, '2022-01-04 18:16:42', 40, 0, 8, 42, 1, 1, 4),
(633, '2022-01-05 18:17:34', 5, 0, 8, 42, 1, 1, 4),
(634, '2022-01-07 18:18:24', 83, 0, 8, 42, 1, 1, 4),
(635, '2022-01-08 18:19:16', 14, 0, 8, 42, 1, 1, 4),
(636, '2022-01-10 18:24:00', 57, 0, 8, 42, 1, 1, 4),
(637, '2022-01-11 18:25:30', 19, 0, 8, 42, 1, 1, 4),
(638, '2022-01-12 18:28:03', 74, 0, 8, 42, 1, 1, 4),
(639, '2022-01-13 18:29:23', 41, 0, 8, 42, 1, 1, 4),
(640, '2022-01-14 18:30:04', 39, 0, 8, 42, 1, 1, 4),
(641, '2022-01-15 18:31:24', 21, 0, 8, 42, 1, 1, 4),
(642, '2022-01-17 18:33:08', 44, 0, 8, 42, 1, 1, 4),
(643, '2022-01-18 18:33:57', 35, 0, 8, 42, 1, 1, 4),
(644, '2022-01-19 18:34:46', 57, 0, 8, 42, 1, 1, 4),
(645, '2022-01-20 18:35:36', 9, 0, 8, 42, 1, 1, 4),
(646, '2022-01-21 18:36:21', 118, 0, 8, 42, 1, 1, 4),
(647, '2022-01-04 18:26:40', 9, 0, 9, 77, 1, 1, 4),
(649, '2022-01-24 18:40:43', 85, 0, 8, 42, 1, 1, 4),
(650, '2022-01-25 18:41:43', 51, 0, 8, 42, 1, 1, 4),
(651, '2022-01-26 18:42:28', 35, 0, 8, 42, 1, 1, 4),
(653, '2022-01-05 18:39:48', 1, 0, 9, 77, 1, 1, 4),
(654, '2022-01-27 18:44:59', 56, 0, 8, 42, 1, 1, 4),
(655, '2022-01-28 18:46:12', 23, 0, 8, 42, 1, 1, 4),
(656, '2022-01-29 18:47:07', 10, 0, 8, 42, 1, 1, 4),
(657, '2022-01-31 18:48:41', 64, 0, 8, 42, 1, 1, 4),
(658, '2022-01-10 18:47:15', 5, 0, 9, 77, 1, 1, 4),
(659, '2022-01-05 18:49:55', 17, 0, 9, 42, 1, 1, 4),
(660, '2022-01-06 18:52:29', 15, 0, 9, 42, 1, 1, 4),
(661, '2022-01-10 18:53:23', 33, 0, 9, 42, 1, 1, 4),
(663, '2022-01-11 18:54:18', 21, 0, 9, 42, 1, 1, 4),
(664, '2022-01-12 18:55:07', 26, 0, 9, 42, 1, 1, 4),
(665, '2022-01-13 18:56:02', 2, 0, 9, 42, 1, 1, 4),
(666, '2022-01-12 18:55:39', 2, 0, 9, 77, 1, 1, 4),
(667, '2022-01-11 18:57:55', 4, 0, 9, 77, 1, 1, 4),
(668, '2022-01-18 18:59:02', 14, 0, 9, 77, 1, 1, 4),
(670, '2022-01-24 19:17:16', 5, 0, 9, 77, 1, 1, 4),
(671, '2022-01-21 19:19:21', 7, 0, 9, 77, 1, 1, 4),
(672, '2022-01-25 19:20:18', 3, 0, 9, 77, 1, 1, 4),
(673, '2022-01-28 19:27:51', 2, 0, 9, 77, 1, 1, 4),
(674, '2022-01-04 19:32:47', 20, 0, 10, 77, 1, 1, 4),
(675, '2022-01-18 19:50:15', 11, 0, 9, 42, 1, 1, 4),
(676, '2022-01-19 19:51:03', 42, 0, 9, 42, 1, 1, 4),
(677, '2022-01-24 19:51:57', 55, 0, 8, 42, 1, 1, 4),
(678, '2022-01-05 19:42:19', 3, 0, 10, 77, 1, 1, 4),
(679, '2022-01-25 19:52:43', 3, 0, 9, 42, 1, 1, 4),
(680, '2022-01-26 19:53:49', 9, 0, 9, 42, 1, 1, 4),
(681, '2022-01-27 19:54:40', 17, 0, 9, 42, 1, 1, 4),
(682, '2022-01-28 19:55:30', 18, 0, 9, 42, 1, 1, 4),
(683, '2022-01-06 19:55:54', 1, 0, 10, 77, 1, 1, 4),
(684, '2022-01-29 19:56:41', 8, 0, 9, 42, 1, 1, 4),
(685, '2022-01-07 19:57:39', 22, 0, 10, 77, 1, 1, 4),
(686, '2022-01-03 20:42:52', 8, 0, 10, 42, 1, 1, 4),
(687, '2022-01-04 20:43:55', 4, 0, 10, 42, 1, 1, 4),
(688, '2022-01-06 20:45:07', 83, 0, 10, 42, 1, 1, 4),
(689, '2022-01-08 20:45:57', 16, 0, 10, 42, 1, 1, 4),
(690, '2022-01-10 20:46:36', 1, 0, 10, 42, 1, 1, 4),
(691, '2022-01-11 20:47:34', 22, 0, 10, 42, 1, 1, 4),
(692, '2022-01-12 20:48:24', 7, 0, 10, 42, 1, 1, 4),
(693, '2022-01-13 20:49:19', 1, 0, 10, 42, 1, 1, 4),
(694, '2022-01-17 20:49:57', 29, 0, 10, 42, 1, 1, 4),
(695, '2022-01-18 20:51:30', 18, 0, 10, 42, 1, 1, 4),
(696, '2022-01-19 20:52:11', 32, 0, 10, 42, 1, 1, 4),
(697, '2022-01-22 20:52:58', 8, 0, 10, 42, 1, 1, 4),
(698, '2022-01-24 20:53:42', 71, 0, 10, 42, 1, 1, 4),
(699, '2022-01-25 20:54:14', 5, 0, 10, 42, 1, 1, 4),
(700, '2022-01-27 20:55:13', 58, 0, 10, 42, 1, 1, 4),
(701, '2022-01-31 20:55:57', 5, 0, 9, 42, 1, 1, 4),
(702, '2022-01-08 16:19:48', 1, 0, 10, 77, 1, 1, 4),
(703, '2022-01-10 16:25:43', 1, 0, 10, 77, 1, 1, 4),
(704, '2022-01-11 16:32:05', 16, 0, 10, 77, 1, 1, 4),
(705, '2022-01-17 16:34:39', 11, 0, 10, 77, 1, 1, 4),
(706, '2022-01-18 16:36:46', 1, 0, 10, 77, 1, 1, 4),
(707, '2022-01-28 16:38:38', 1, 0, 10, 77, 1, 1, 4),
(709, '2022-01-03 16:39:17', 1, 0, 8, 46, 1, 1, 4),
(710, '2022-01-04 16:42:55', 16, 0, 8, 46, 1, 1, 4),
(711, '2022-01-07 17:57:28', 7, 0, 8, 46, 1, 1, 4),
(712, '2022-01-11 18:05:17', 18, 0, 8, 46, 1, 1, 4),
(713, '2022-01-12 18:09:31', 7, 0, 8, 46, 1, 1, 4),
(714, '2022-01-13 18:18:31', 5, 0, 8, 46, 1, 1, 4),
(715, '2022-01-14 18:21:38', 9, 0, 8, 46, 1, 1, 4),
(716, '2022-01-10 18:24:42', 8, 0, 9, 46, 1, 1, 4),
(717, '2022-01-11 18:30:12', 6, 0, 9, 46, 1, 1, 4),
(718, '2022-01-12 18:54:54', 5, 0, 9, 46, 1, 1, 4),
(719, '2022-01-14 19:00:50', 7, 0, 9, 46, 1, 1, 4),
(720, '2022-01-05 19:05:38', 2, 0, 10, 46, 1, 1, 4),
(721, '2022-01-06 19:09:24', 16, 0, 10, 46, 1, 1, 4),
(722, '2022-01-10 19:16:36', 16, 0, 10, 46, 1, 1, 4),
(723, '2022-01-11 19:20:39', 8, 0, 10, 46, 1, 1, 4),
(724, '2022-01-12 19:25:18', 3, 0, 10, 46, 1, 1, 4),
(726, '2022-01-04 12:41:53', 16, 0, 9, 79, 1, 1, 4),
(727, '2022-01-07 12:43:55', 5, 0, 9, 79, 1, 1, 4),
(728, '2022-01-08 12:45:13', 5, 0, 9, 79, 1, 1, 4),
(729, '2022-01-10 12:46:44', 7, 0, 9, 79, 1, 1, 4),
(730, '2022-01-11 12:48:40', 22, 0, 9, 79, 1, 1, 4),
(731, '2022-01-12 12:52:26', 21, 0, 9, 79, 1, 1, 4),
(733, '2022-01-12 13:10:15', 11, 0, 9, 79, 1, 1, 4),
(734, '2022-01-14 13:11:32', 2, 0, 9, 79, 1, 1, 4),
(735, '2022-01-15 13:13:25', 2, 0, 9, 79, 1, 1, 4),
(736, '2022-01-17 13:15:51', 2, 0, 9, 79, 1, 1, 4),
(737, '2022-01-18 13:17:15', 12, 0, 9, 79, 1, 1, 4),
(738, '2022-01-19 13:18:27', 1, 0, 8, 79, 1, 1, 4),
(739, '2022-01-20 13:20:03', 3, 0, 9, 79, 1, 1, 4),
(740, '2022-01-23 13:21:24', 2, 0, 9, 79, 1, 1, 4),
(741, '2022-01-24 13:22:28', 26, 0, 9, 79, 1, 1, 4),
(742, '2022-01-26 13:24:47', 4, 0, 9, 79, 1, 1, 4),
(743, '2022-01-29 13:25:46', 8, 0, 9, 79, 1, 1, 4),
(744, '2022-01-31 13:26:57', 11, 0, 9, 79, 1, 1, 4),
(745, '2022-01-05 13:28:25', 3, 0, 10, 79, 1, 1, 4),
(747, '2022-01-08 13:36:04', 23, 0, 10, 79, 1, 1, 4),
(748, '2022-01-10 13:42:09', 5, 0, 10, 79, 1, 1, 4),
(749, '2022-01-07 13:44:11', 30, 0, 10, 79, 1, 1, 4),
(750, '2022-01-11 13:45:03', 8, 0, 10, 79, 1, 1, 4),
(752, '2022-01-12 13:47:01', 25, 0, 10, 79, 1, 1, 4),
(753, '2022-01-13 13:47:48', 4, 0, 10, 79, 1, 1, 4),
(754, '2022-01-17 13:48:46', 18, 0, 10, 79, 1, 1, 4),
(755, '2022-01-18 13:50:12', 4, 0, 10, 79, 1, 1, 4),
(756, '2022-01-21 13:52:12', 1, 0, 10, 79, 1, 1, 4),
(758, '2022-01-25 13:59:20', 3, 0, 10, 79, 1, 1, 4),
(759, '2022-01-26 14:03:42', 3, 0, 10, 79, 1, 1, 4),
(760, '2022-01-28 14:07:01', 52, 0, 10, 79, 1, 1, 4),
(761, '2022-01-24 14:08:23', 38, 0, 10, 79, 1, 1, 4),
(762, '2022-01-31 14:09:43', 3, 0, 10, 79, 1, 1, 4),
(763, '2022-01-17 14:10:39', 12, 0, 8, 79, 1, 1, 4),
(764, '2022-01-18 14:38:36', 50, 0, 8, 79, 1, 1, 4),
(765, '2022-01-19 14:39:31', 14, 0, 8, 79, 1, 1, 4),
(766, '2022-01-20 14:40:14', 17, 0, 8, 79, 1, 1, 4),
(767, '2022-01-21 14:48:14', 49, 0, 8, 79, 1, 1, 4),
(768, '2022-01-22 14:50:04', 26, 0, 8, 79, 1, 1, 4),
(769, '2022-01-23 14:50:56', 7, 0, 8, 79, 1, 1, 4),
(771, '2022-01-25 14:57:59', 45, 0, 8, 79, 1, 1, 4),
(772, '2022-01-26 15:05:20', 21, 0, 8, 79, 1, 1, 4),
(773, '2022-01-24 15:06:56', 54, 0, 8, 79, 1, 1, 4),
(774, '2022-01-27 15:08:16', 55, 0, 8, 79, 1, 1, 4),
(775, '2022-01-28 15:09:38', 25, 0, 8, 79, 1, 1, 4),
(776, '2022-01-29 15:10:38', 25, 0, 8, 79, 1, 1, 4),
(777, '2022-01-31 15:11:34', 68, 0, 8, 79, 1, 1, 4),
(778, '2022-01-03 16:19:14', 7, 0, 8, 45, 1, 1, 4),
(779, '2022-01-04 16:24:01', 9, 0, 8, 45, 1, 1, 4),
(780, '2022-01-06 16:27:31', 21, 0, 8, 45, 1, 1, 4),
(781, '2022-01-12 16:38:03', 18, 0, 8, 45, 1, 1, 4),
(782, '2022-01-13 16:43:37', 15, 0, 8, 45, 1, 1, 4),
(783, '2022-01-17 16:47:26', 19, 0, 8, 45, 1, 1, 4),
(784, '2022-01-18 16:53:49', 2, 0, 8, 45, 1, 1, 4),
(785, '2022-01-19 16:58:29', 17, 0, 8, 45, 1, 1, 4),
(786, '2022-01-20 17:08:46', 25, 0, 8, 45, 1, 1, 4),
(787, '2022-01-21 17:17:25', 13, 0, 8, 45, 1, 1, 4),
(788, '2022-01-25 17:21:22', 12, 0, 8, 45, 1, 1, 4),
(789, '2022-01-26 17:25:15', 22, 0, 8, 45, 1, 1, 4),
(792, '2022-01-29 17:46:55', 1, 0, 8, 45, 1, 1, 4),
(793, '2022-01-31 17:52:59', 3, 0, 8, 45, 1, 1, 4),
(794, '2022-01-06 17:54:24', 4, 0, 9, 45, 1, 1, 4),
(795, '2022-01-13 17:59:19', 12, 0, 9, 45, 1, 1, 4),
(796, '2022-01-17 18:01:13', 3, 0, 9, 45, 1, 1, 4),
(797, '2022-01-18 18:05:24', 1, 0, 9, 45, 1, 1, 4),
(798, '2022-01-21 18:08:42', 1, 0, 9, 45, 1, 1, 4),
(799, '2022-01-24 18:11:54', 3, 0, 9, 45, 1, 1, 4),
(800, '2022-01-25 18:14:01', 3, 0, 9, 45, 1, 1, 4),
(801, '2022-01-28 18:15:57', 4, 0, 9, 45, 1, 1, 4),
(802, '2022-01-31 18:19:34', 3, 0, 9, 45, 1, 1, 4),
(803, '2022-01-06 18:22:43', 5, 0, 10, 45, 1, 1, 4),
(804, '2022-01-11 18:26:45', 9, 0, 10, 45, 1, 1, 4),
(805, '2022-01-18 18:32:59', 1, 0, 10, 45, 1, 1, 4),
(806, '2022-01-20 18:37:19', 6, 0, 10, 45, 1, 1, 4),
(807, '2022-01-24 18:44:13', 12, 0, 10, 45, 1, 1, 4),
(808, '2022-01-25 18:50:43', 4, 0, 10, 45, 1, 1, 4),
(809, '2022-01-28 18:54:54', 11, 0, 10, 45, 1, 1, 4),
(810, '2022-01-31 19:00:39', 8, 0, 10, 45, 1, 1, 4),
(811, '2022-01-27 19:15:38', 13, 0, 8, 45, 1, 1, 4),
(812, '2022-01-28 19:17:09', 11, 0, 8, 45, 1, 1, 4),
(814, '2022-01-03 19:38:05', 1, 0, 8, 68, 1, 1, 4),
(817, '2022-01-04 16:18:43', 38, 0, 8, 68, 1, 1, 4),
(818, '2022-01-05 16:27:24', 1, 0, 8, 68, 1, 1, 4),
(819, '2022-01-06 16:35:18', 2, 0, 8, 68, 1, 1, 4),
(820, '2022-01-07 16:40:21', 1, 0, 8, 68, 1, 1, 4),
(821, '2022-01-08 16:03:08', 3, 0, 8, 68, 1, 1, 4),
(822, '2022-01-10 18:39:36', 2, 0, 8, 68, 1, 1, 4),
(823, '2022-01-11 18:59:01', 19, 0, 8, 68, 1, 1, 4),
(824, '2022-01-12 19:02:20', 2, 0, 8, 68, 1, 1, 4),
(825, '2022-01-13 19:14:09', 37, 0, 8, 68, 1, 1, 4),
(826, '2022-01-14 19:24:18', 1, 0, 8, 68, 1, 1, 4),
(827, '2022-01-15 19:28:25', 1, 0, 8, 68, 1, 1, 4),
(828, '2022-01-18 19:32:37', 41, 0, 8, 68, 1, 1, 4),
(829, '2022-01-19 19:36:23', 11, 0, 8, 68, 1, 1, 4),
(830, '2022-01-20 19:38:07', 9, 0, 8, 68, 1, 1, 4),
(831, '2022-01-21 16:15:01', 50, 0, 8, 68, 1, 1, 4),
(832, '2022-01-24 16:24:16', 22, 0, 8, 68, 1, 1, 4),
(833, '2022-01-25 16:35:20', 80, 0, 8, 68, 1, 1, 4),
(834, '2022-01-26 16:46:30', 1, 0, 8, 68, 1, 1, 4),
(835, '2022-01-27 16:55:11', 1, 0, 8, 68, 1, 1, 4),
(836, '2022-01-28 17:24:39', 1, 0, 8, 68, 1, 1, 4),
(837, '2022-01-31 17:37:10', 2, 0, 8, 68, 1, 1, 4),
(838, '2022-01-02 17:38:56', 1, 0, 9, 68, 1, 1, 4),
(840, '2022-01-03 17:42:40', 2, 0, 9, 68, 1, 1, 4),
(842, '2022-01-04 17:44:44', 16, 0, 9, 68, 1, 1, 4),
(843, '2022-01-11 17:46:22', 18, 0, 9, 68, 1, 1, 4),
(844, '2022-01-13 17:49:28', 22, 0, 9, 68, 1, 1, 4),
(845, '2022-01-15 17:51:26', 2, 0, 9, 68, 1, 1, 4),
(846, '2022-01-18 18:23:42', 2, 0, 9, 68, 1, 1, 4),
(847, '2022-01-21 18:25:57', 2, 0, 9, 68, 1, 1, 4),
(848, '2022-01-25 18:28:21', 18, 0, 9, 68, 1, 1, 4),
(849, '2022-01-05 18:30:41', 1, 0, 10, 68, 1, 1, 4),
(850, '2022-01-10 18:32:53', 6, 0, 10, 68, 1, 1, 4),
(851, '2022-01-11 18:36:19', 12, 0, 10, 68, 1, 1, 4),
(852, '2022-01-14 18:38:07', 3, 0, 10, 68, 1, 1, 4),
(853, '2022-01-17 18:40:32', 4, 0, 10, 68, 1, 1, 4),
(854, '2022-01-18 18:43:18', 14, 0, 10, 68, 1, 1, 4),
(855, '2022-01-20 18:45:13', 9, 0, 10, 68, 1, 1, 4),
(856, '2022-01-22 18:47:32', 12, 0, 10, 68, 1, 1, 4),
(857, '2022-01-25 18:50:27', 18, 0, 10, 68, 1, 1, 4),
(858, '2022-01-26 18:52:45', 1, 0, 10, 68, 1, 1, 4),
(859, '2022-01-31 18:58:26', 1, 0, 10, 68, 1, 1, 4),
(860, '2022-01-11 17:52:16', 29, 0, 8, 43, 1, 1, 4),
(862, '2022-01-12 18:15:28', 16, 0, 8, 43, 1, 1, 4),
(863, '2022-01-13 18:18:50', 13, 0, 8, 43, 1, 1, 4),
(864, '2022-01-14 18:25:23', 12, 0, 8, 43, 1, 1, 4),
(865, '2022-01-18 18:28:47', 18, 0, 8, 43, 1, 1, 4),
(866, '2022-01-19 18:37:16', 45, 0, 8, 43, 1, 1, 4),
(867, '2022-01-21 18:45:58', 44, 0, 8, 43, 1, 1, 4),
(868, '2022-01-23 18:49:44', 15, 0, 8, 43, 1, 1, 4),
(869, '2022-01-24 18:58:28', 31, 0, 8, 43, 1, 1, 4),
(870, '2022-01-25 19:25:50', 32, 0, 8, 43, 1, 1, 4),
(871, '2022-01-26 19:29:53', 37, 0, 8, 43, 1, 1, 4),
(872, '2022-01-28 19:36:36', 5, 0, 8, 43, 1, 1, 4),
(873, '2022-01-31 19:46:48', 45, 0, 8, 43, 1, 1, 4),
(874, '2022-01-04 19:52:01', 8, 0, 9, 43, 1, 1, 4),
(875, '2022-01-07 16:16:40', 1, 0, 9, 43, 1, 1, 4),
(876, '2022-01-08 17:59:51', 3, 0, 9, 43, 1, 1, 4),
(877, '2022-01-10 18:19:45', 1, 0, 9, 43, 1, 1, 4),
(878, '2022-01-11 18:26:18', 27, 0, 9, 43, 1, 1, 4),
(879, '2022-01-12 18:48:43', 8, 0, 9, 43, 1, 1, 4),
(880, '2022-01-19 18:52:35', 20, 0, 9, 43, 1, 1, 4),
(881, '2022-01-23 18:58:17', 3, 0, 9, 43, 1, 1, 4),
(882, '2022-01-24 19:10:18', 11, 0, 9, 43, 1, 1, 4),
(883, '2022-01-25 16:22:17', 2, 0, 9, 43, 1, 1, 4),
(884, '2022-01-26 16:25:41', 5, 0, 9, 43, 1, 1, 4),
(885, '2022-01-28 16:28:50', 2, 0, 9, 43, 1, 1, 4),
(886, '2022-01-04 16:34:46', 1, 0, 10, 43, 1, 1, 4),
(887, '2022-01-06 16:41:41', 39, 0, 10, 43, 1, 1, 4),
(888, '2022-01-08 16:45:15', 2, 0, 10, 43, 1, 1, 4),
(889, '2022-01-10 16:49:07', 1, 0, 10, 43, 1, 1, 4),
(890, '2022-01-11 16:56:08', 45, 0, 10, 43, 1, 1, 4),
(891, '2022-01-19 17:00:46', 20, 0, 10, 43, 1, 1, 4),
(892, '2022-01-23 17:08:00', 23, 0, 10, 43, 1, 1, 4),
(893, '2022-01-24 17:13:22', 20, 0, 10, 43, 1, 1, 4),
(894, '2022-01-25 17:17:40', 1, 0, 10, 43, 1, 1, 4),
(895, '2022-01-26 16:50:32', 21, 0, 10, 43, 1, 1, 4),
(896, '2022-01-06 17:39:51', 45, 0, 14, 79, 3, 4, 4),
(897, '2022-01-10 17:49:31', 51, 0, 14, 79, 3, 4, 4),
(898, '2022-01-13 17:56:17', 1, 0, 14, 79, 3, 4, 4),
(899, '2022-01-15 18:09:51', 51, 0, 14, 79, 3, 4, 4),
(900, '2022-01-18 18:28:38', 61, 0, 14, 79, 3, 4, 4),
(901, '2022-01-19 18:40:14', 35, 0, 14, 79, 3, 4, 4),
(902, '2022-01-21 18:46:36', 66, 0, 14, 79, 3, 4, 4),
(903, '2022-01-24 19:06:01', 17, 0, 14, 79, 3, 4, 4),
(904, '2022-01-26 19:18:16', 71, 0, 14, 79, 3, 4, 4),
(905, '2022-01-28 19:36:19', 9, 0, 14, 79, 3, 4, 4),
(906, '2022-01-29 19:43:08', 25, 0, 14, 79, 3, 4, 4),
(907, '2022-01-31 19:48:26', 17, 0, 14, 79, 3, 4, 4),
(908, '2022-01-05 16:22:36', 66, 0, 14, 48, 3, 4, 4),
(909, '2022-01-06 16:29:49', 50, 0, 14, 48, 3, 4, 4),
(910, '2022-01-07 16:32:41', 37, 0, 14, 48, 3, 4, 4),
(911, '2022-01-12 16:36:39', 74, 0, 14, 48, 3, 4, 4),
(912, '2022-01-13 16:44:40', 50, 0, 14, 48, 3, 4, 4),
(913, '2022-01-14 16:49:36', 27, 0, 14, 48, 3, 4, 4),
(914, '2022-01-17 16:55:39', 63, 0, 14, 48, 3, 4, 4),
(915, '2022-01-18 17:17:14', 28, 0, 14, 48, 3, 4, 4),
(916, '2022-01-20 17:22:34', 18, 0, 14, 48, 3, 4, 4),
(917, '2022-01-22 17:26:06', 37, 0, 14, 48, 3, 4, 4),
(918, '2022-01-24 17:34:21', 51, 0, 14, 48, 3, 4, 4),
(919, '2022-01-27 17:45:39', 29, 0, 14, 48, 3, 4, 4),
(920, '2022-01-28 17:48:39', 10, 0, 14, 48, 3, 4, 4),
(922, '2022-01-03 17:53:45', 14, 0, 14, 111, 3, 4, 4),
(923, '2022-01-04 18:13:30', 25, 0, 14, 48, 3, 4, 4),
(924, '2022-01-05 18:23:59', 34, 0, 14, 111, 3, 4, 4),
(925, '2022-01-07 19:42:47', 17, 0, 14, 111, 3, 4, 4),
(930, '2022-01-31 16:34:13', 1, 0, 9, 39, 1, 1, 4),
(931, '2022-01-02 18:10:47', 5, 0, 8, 68, 1, 1, 4),
(932, '2022-01-08 18:17:15', 3, 0, 8, 68, 1, 1, 4),
(933, '2022-01-31 18:34:35', 1, 0, 8, 45, 1, 1, 4),
(934, '2022-01-03 18:51:48', 2, 0, 8, 79, 1, 1, 4),
(935, '2022-01-04 19:02:59', 22, 0, 8, 79, 1, 1, 4),
(936, '2022-01-05 19:15:42', 3, 0, 8, 79, 1, 1, 4),
(937, '2022-01-06 19:18:30', 8, 0, 8, 79, 1, 1, 4),
(938, '2022-01-07 19:21:02', 16, 0, 8, 79, 1, 1, 4),
(939, '2022-01-08 19:24:47', 31, 0, 8, 79, 1, 1, 4),
(940, '2022-01-10 19:49:14', 29, 0, 8, 79, 1, 1, 4),
(942, '2022-01-11 20:08:10', 25, 0, 8, 79, 1, 1, 4),
(951, '2022-05-03 18:57:14', 77, 0, 7, 81, 3, 3, 4),
(952, '2022-05-03 19:01:18', 1, 0, 18, 81, 3, 3, 4),
(953, '2022-05-03 19:04:20', 1, 0, 7, 74, 3, 3, 4),
(954, '2022-05-03 19:07:18', 56, 0, 7, 44, 3, 3, 4),
(956, '2022-05-03 19:12:55', 64, 0, 7, 73, 3, 3, 4),
(957, '2022-05-03 19:16:50', 1, 0, 18, 73, 3, 3, 4),
(958, '2022-05-03 19:18:27', 65, 0, 7, 43, 3, 3, 4),
(959, '2022-05-03 19:21:29', 65, 0, 7, 43, 3, 3, 4),
(960, '2022-05-03 19:22:58', 7, 0, 7, 111, 3, 3, 4),
(961, '2022-05-03 19:26:37', 60, 0, 7, 48, 3, 3, 4),
(962, '2022-05-03 19:29:51', 17, 0, 7, 75, 3, 3, 4),
(963, '2022-05-03 19:32:37', 69, 0, 7, 83, 3, 3, 4),
(964, '2022-05-03 19:35:48', 34, 0, 7, 77, 3, 3, 4),
(965, '2022-05-03 19:49:59', 26, 0, 7, 80, 3, 3, 4),
(966, '2022-05-03 19:51:17', 33, 0, 7, 88, 3, 3, 4),
(967, '2022-05-03 19:55:21', 1, 0, 18, 88, 3, 3, 4),
(974, '2022-05-04 18:53:34', 1, 0, 18, 83, 3, 3, 4),
(975, '2022-05-04 18:55:10', 156, 0, 23, 83, 3, 3, 4),
(976, '2022-05-04 18:59:00', 472, 0, 7, 83, 3, 3, 4),
(978, '2022-05-04 19:00:36', 4, 0, 17, 83, 3, 3, 4),
(981, '2022-05-04 19:10:01', 277, 0, 7, 59, 3, 3, 4),
(983, '2022-05-04 19:12:33', 97, 0, 7, 76, 3, 3, 4),
(984, '2022-05-04 19:16:20', 2, 0, 17, 76, 3, 3, 4),
(985, '2022-05-04 19:18:34', 234, 0, 23, 76, 3, 3, 4),
(986, '2022-05-05 12:22:36', 4, 0, 22, 75, 1, 1, 4),
(988, '2022-05-05 12:47:38', 8, 0, 9, 42, 1, 1, 4),
(991, '2022-05-05 13:22:34', 50, 0, 10, 48, 1, 1, 4),
(993, '2022-05-07 13:55:18', 551, 0, 23, 79, 3, 3, 4),
(994, '2022-05-07 13:58:55', 4, 0, 17, 79, 3, 3, 4),
(995, '2022-05-07 14:01:05', 1, 0, 15, 79, 3, 3, 4),
(996, '2022-05-07 14:02:57', 3, 0, 18, 79, 3, 3, 4),
(997, '2022-05-07 14:05:10', 3, 0, 7, 79, 3, 3, 4),
(998, '2022-05-07 14:06:45', 449, 0, 7, 76, 3, 3, 4),
(999, '2022-05-07 14:13:04', 1, 0, 15, 76, 3, 3, 4),
(1000, '2022-05-07 14:15:31', 23, 0, 7, 76, 3, 3, 4),
(1001, '2022-05-07 14:17:46', 4, 0, 17, 76, 3, 3, 4),
(1002, '2022-05-07 14:19:36', 430, 0, 23, 83, 3, 3, 4),
(1003, '2022-05-07 14:40:22', 1, 0, 17, 83, 3, 3, 4),
(1004, '2022-05-07 14:43:04', 108, 0, 7, 83, 3, 3, 4),
(1005, '2022-05-07 14:45:20', 380, 0, 7, 68, 3, 3, 4),
(1006, '2022-05-07 14:52:10', 1, 0, 17, 68, 3, 3, 4),
(1007, '2022-05-07 14:54:43', 2, 0, 15, 68, 3, 3, 4),
(1008, '2022-05-07 14:56:20', 383, 0, 23, 68, 3, 3, 4),
(1013, '2022-05-10 19:56:08', 291, 0, 23, 77, 3, 3, 4),
(1014, '2022-05-10 19:58:51', 152, 0, 7, 77, 3, 3, 4),
(1015, '2022-05-10 20:00:43', 468, 0, 23, 48, 3, 3, 4),
(1016, '2022-05-10 20:04:19', 46, 0, 7, 48, 3, 3, 4),
(1017, '2022-05-10 20:06:38', 2, 0, 18, 48, 3, 3, 4),
(1018, '2022-01-12 11:49:05', 41, 0, 14, 111, 3, 4, 4),
(1019, '2022-01-21 12:01:00', 2, 0, 14, 111, 3, 4, 4),
(1020, '2022-01-24 12:11:11', 40, 0, 14, 111, 3, 4, 4),
(1021, '2022-01-25 12:20:36', 58, 0, 14, 111, 3, 4, 4),
(1022, '2022-01-26 12:48:43', 32, 0, 14, 111, 3, 3, 4),
(1023, '2022-01-27 13:09:26', 19, 0, 14, 111, 3, 4, 4),
(1024, '2022-01-05 13:50:09', 319, 319, 23, 40, 3, 3, 4),
(1025, '2022-05-14 13:36:05', 2, 0, 18, 74, 3, 3, 4),
(1026, '2022-05-14 13:40:25', 8, 0, 7, 74, 3, 3, 4),
(1027, '2022-05-14 13:43:22', 2, 0, 17, 74, 3, 3, 4),
(1028, '2022-05-14 13:45:36', 171, 0, 23, 74, 3, 3, 4),
(1031, '2022-05-13 18:26:41', 5, 0, 22, 42, 1, 1, 4),
(1032, '2022-05-13 18:30:17', 2, 0, 22, 42, 1, 1, 4),
(1034, '2022-05-12 18:35:55', 8, 0, 7, 59, 3, 3, 4),
(1035, '2022-05-12 18:39:54', 211, 0, 7, 87, 3, 3, 4),
(1036, '2022-05-16 18:45:29', 1, 0, 22, 80, 1, 1, 4),
(1037, '2022-04-26 18:47:30', 4, 0, 22, 42, 1, 1, 4),
(1038, '2022-05-04 18:47:43', 122, 0, 23, 89, 3, 3, 4),
(1040, '2022-04-27 18:54:20', 3, 0, 22, 59, 1, 1, 4),
(1041, '2022-04-27 18:56:47', 5, 0, 22, 42, 1, 1, 4),
(1042, '2022-04-27 19:00:49', 2, 0, 22, 78, 1, 1, 4),
(1043, '2022-04-27 19:04:27', 1, 0, 22, 85, 1, 1, 4),
(1044, '2022-04-28 19:07:51', 4, 0, 22, 82, 1, 1, 4),
(1045, '2022-04-29 19:10:49', 2, 0, 22, 85, 1, 1, 4),
(1047, '2022-04-29 19:14:17', 1, 0, 22, 74, 1, 1, 4),
(1050, '2022-04-29 19:21:03', 2, 0, 22, 59, 1, 1, 4),
(1053, '2022-04-29 19:31:13', 1, 0, 22, 59, 1, 1, 4),
(1054, '2022-04-29 19:33:59', 1, 0, 22, 82, 1, 1, 4),
(1057, '2022-04-30 19:39:37', 2, 0, 22, 84, 1, 1, 4),
(1058, '2022-04-30 19:41:49', 4, 0, 22, 59, 1, 1, 4),
(1060, '2022-05-02 19:45:52', 3, 0, 22, 85, 1, 1, 4),
(1061, '2022-05-02 19:50:01', 7, 0, 22, 59, 1, 1, 4),
(1062, '2022-05-03 11:31:37', 2, 0, 22, 79, 1, 1, 4),
(1063, '2022-05-03 11:34:34', 1, 0, 22, 85, 1, 1, 4),
(1064, '2022-05-03 11:37:02', 2, 0, 21, 78, 1, 1, 4),
(1065, '2022-05-03 11:42:07', 1, 0, 22, 80, 1, 1, 4),
(1067, '2022-05-04 11:45:33', 10, 0, 22, 46, 1, 1, 4),
(1068, '2022-05-05 11:47:13', 1, 0, 22, 79, 1, 1, 4),
(1069, '2022-05-05 11:50:16', 1, 0, 22, 80, 1, 1, 4),
(1070, '2022-05-05 11:52:03', 9, -9, 22, 86, 1, 1, 4),
(1071, '2022-05-05 11:54:09', 18, 0, 22, 59, 1, 1, 4),
(1073, '2022-05-05 12:00:29', 5, 0, 22, 78, 1, 1, 4),
(1074, '2022-05-05 12:02:34', 7, 0, 22, 45, 1, 1, 4),
(1075, '2022-05-06 12:05:40', 2, 0, 22, 83, 1, 1, 4),
(1076, '2022-05-06 12:08:02', 1, 0, 22, 46, 1, 1, 4),
(1077, '2022-05-06 12:11:28', 3, 0, 22, 59, 1, 1, 4),
(1078, '2022-05-06 12:13:07', 27, 0, 22, 76, 1, 1, 4),
(1079, '2022-05-07 12:14:39', 1, 0, 22, 83, 1, 1, 4),
(1080, '2022-05-07 12:16:47', 1, 0, 22, 59, 1, 1, 4),
(1081, '2022-05-10 12:18:36', 1, 0, 22, 59, 1, 1, 4),
(1083, '2022-05-12 12:22:33', 3, 0, 22, 73, 1, 1, 4),
(1084, '2022-05-13 12:24:43', 5, 0, 22, 43, 1, 1, 4),
(1085, '2022-05-13 12:26:29', 2, 0, 22, 46, 1, 1, 4),
(1086, '2022-05-13 12:28:29', 1, 0, 22, 68, 1, 1, 4),
(1087, '2022-05-16 12:33:24', 1, 0, 22, 79, 1, 1, 4),
(1088, '2022-05-16 12:35:07', 1, 0, 22, 76, 1, 1, 4),
(1089, '2022-05-16 12:37:21', 1, 0, 22, 42, 1, 1, 4),
(1090, '2022-05-05 15:14:36', 30, 0, 22, 42, 1, 1, 4),
(1092, '2022-05-11 15:32:46', 2, 0, 22, 46, 1, 1, 4),
(1093, '2022-05-13 15:33:58', 3, 0, 22, 42, 1, 1, 4),
(1094, '2022-04-26 15:43:50', 2, 0, 22, 75, 1, 1, 4),
(1095, '2022-05-04 15:45:52', 4, 0, 22, 75, 1, 1, 4),
(1096, '2022-05-05 15:47:11', 14, 0, 22, 75, 1, 1, 4),
(1097, '2022-05-01 15:48:33', 1, 0, 22, 75, 1, 1, 4),
(1098, '2022-05-06 15:53:31', 1, 0, 22, 75, 1, 1, 4);

-- --------------------------------------------------------

--
-- Estrutura da tabela `regioes`
--

CREATE TABLE `regioes` (
  `id` int(11) NOT NULL,
  `nome` varchar(100) DEFAULT NULL
) ENGINE=InnoDB DEFAULT CHARSET=utf8mb4;

--
-- Extraindo dados da tabela `regioes`
--

INSERT INTO `regioes` (`id`, `nome`) VALUES
(74, 'GRANDE ILHA'),
(76, 'COCAIS'),
(77, 'LENÇÓIS'),
(78, 'CENTRAL'),
(79, 'BAIXADA'),
(80, 'PARNAÍBA'),
(81, 'SUL DO MARANHÃO');

-- --------------------------------------------------------

--
-- Estrutura da tabela `retorno`
--

CREATE TABLE `retorno` (
  `id` int(11) NOT NULL,
  `data` datetime DEFAULT current_timestamp(),
  `qtd` int(11) DEFAULT NULL,
  `status` int(11) DEFAULT NULL,
  `entregadores_id` int(11) NOT NULL,
  `ocorrencias_id` int(11) NOT NULL,
  `tipo_id` int(11) NOT NULL,
  `producao_id` int(11) NOT NULL
) ENGINE=InnoDB DEFAULT CHARSET=utf8mb4;

--
-- Extraindo dados da tabela `retorno`
--

INSERT INTO `retorno` (`id`, `data`, `qtd`, `status`, `entregadores_id`, `ocorrencias_id`, `tipo_id`, `producao_id`) VALUES
(182, '2022-01-29 00:00:46', 1, 0, 73, 6, 1, 214),
(183, '2022-01-13 13:15:51', 1, 0, 96, 6, 1, 247),
(184, '2022-01-26 13:25:07', 3, 0, 96, 1, 2, 248),
(185, '2022-04-27 15:41:12', 0, 1, 96, 6, 1, 250),
(197, '2022-05-05 09:54:38', 0, 1, 83, 1, 2, 939),
(200, '2022-05-05 10:26:55', 0, 1, 78, 6, 1, 941),
(201, '2022-05-14 09:50:02', 2, 0, 97, 1, 2, 967);

-- --------------------------------------------------------

--
-- Estrutura da tabela `retorno_gaiola`
--

CREATE TABLE `retorno_gaiola` (
  `id` int(11) NOT NULL,
  `data` datetime DEFAULT current_timestamp(),
  `qtd` int(11) DEFAULT NULL,
  `status` int(11) DEFAULT NULL,
  `entregadores_id` int(11) NOT NULL,
  `ocorrencias_id` int(11) NOT NULL,
  `tipo_id` int(11) NOT NULL,
  `producao_id` int(11) NOT NULL
) ENGINE=InnoDB DEFAULT CHARSET=utf8mb4;

-- --------------------------------------------------------

--
-- Estrutura da tabela `rotas`
--

CREATE TABLE `rotas` (
  `id` int(11) NOT NULL,
  `data` timestamp NULL DEFAULT current_timestamp(),
  `nome` varchar(45) DEFAULT NULL,
  `regioes_id` int(11) NOT NULL,
  `gaiolas_id` int(11) NOT NULL
) ENGINE=InnoDB DEFAULT CHARSET=utf8mb4;

--
-- Extraindo dados da tabela `rotas`
--

INSERT INTO `rotas` (`id`, `data`, `nome`, `regioes_id`, `gaiolas_id`) VALUES
(13, '2022-02-04 22:48:05', 'ROTA 01 - PAÇO ', 74, 39),
(14, '2022-02-04 22:48:05', 'ROTA 02 - ELDORADO', 74, 40),
(15, '2022-02-04 22:48:05', 'ROTA 03 - RECANTO', 74, 41),
(16, '2022-02-04 22:48:05', 'ROTA 04 - VINHAIS', 74, 42),
(17, '2022-02-04 22:48:05', 'ROTA 05 - ANIL  ', 74, 43),
(18, '2022-02-04 22:48:05', 'ROTA 06 - VILA PALMEIRA', 74, 44),
(19, '2022-02-04 22:48:05', 'ROTA 07 - COROADINHO', 74, 45),
(20, '2022-02-04 22:48:05', 'ROTA 08 - SÃO FRANCISCO', 74, 46),
(21, '2022-02-04 22:48:05', 'ROTA 09 - PONTA DO FAROL', 74, 47),
(22, '2022-02-04 22:48:05', 'ROTA 10 - CIDADE OPERÁRIA', 74, 48),
(23, '2022-02-04 22:48:05', 'ROTA 100 - BACABAL', 76, 49),
(24, '2022-02-04 22:48:05', 'ROTA 101 - LAGO DA PEDRA', 76, 50),
(25, '2022-02-04 22:48:05', 'ROTA 102 - BARRA DO CORDA', 76, 51),
(26, '2022-02-04 22:48:05', 'ROTA 103 - COROATÁ', 76, 52),
(27, '2022-02-04 22:48:05', 'ROTA 104 - COLINAS', 76, 53),
(28, '2022-02-04 22:48:05', 'ROTA 105 - DOM PEDRO', 76, 54),
(29, '2022-02-04 22:48:05', 'ROTA 106 - PRES. DUTRA / TUMTUM', 76, 55),
(30, '2022-02-04 22:48:05', 'ROTA 107 - PEDREIRAS / TRIZIDELA', 76, 56),
(31, '2022-02-04 22:48:05', 'ROTA 108 - SÃO MATEUS', 76, 57),
(32, '2022-02-04 22:48:05', 'ROTA 109 - ROSÁRIO', 77, 58),
(33, '2022-02-04 22:48:05', 'ROTA 11 - COHATRAC ', 74, 59),
(34, '2022-02-04 22:48:05', 'Rota 110 - BARRERINHAS', 77, 60),
(35, '2022-02-04 22:48:05', 'ROTA 111 - ZÉ DOCA', 78, 61),
(36, '2022-02-04 22:48:05', 'ROTA 112 - SANTA INÊS', 78, 62),
(37, '2022-02-04 22:48:05', 'ROTA 113 - SANTA LUZIA', 78, 63),
(38, '2022-02-04 22:48:05', 'ROTA 114 - VIANA / ARARI', 79, 64),
(39, '2022-02-04 22:48:05', 'ROTA 115 - SÃO BENTO', 79, 65),
(40, '2022-02-04 22:48:05', 'ROTA 116 - PINHEIRO', 79, 66),
(41, '2022-02-04 22:48:05', 'ROTA 117 - CURURUPU', 79, 67),
(42, '2022-02-04 22:48:05', 'ROTA 12 - LIBERDADE', 74, 68),
(43, '2022-02-04 22:48:05', 'ROTA 121 - CAROLINA/ESTREITO/GRAJAÚ/J.LISBOA/', 81, 69),
(44, '2022-02-04 22:48:05', 'ROTA 122 - IMPERATRIZ', 81, 70),
(45, '2022-02-04 22:48:05', 'ROTA 123 - BALSAS', 81, 71),
(46, '2022-02-04 22:48:05', 'ROTA 122 - IMPERATRIZ', 81, 70),
(47, '2022-02-04 22:48:05', 'ROTA 124 - AÇAILÂNDIA ', 81, 72),
(48, '2022-02-04 22:48:05', 'ROTA 13 - COHAB', 74, 73),
(49, '2022-02-04 22:48:05', 'ROTA 14 - ARAÇAGY', 74, 74),
(50, '2022-02-04 22:48:05', 'ROTA 15 - BR', 74, 75),
(51, '2022-02-04 22:48:05', 'ROTA 16 - SÃO CRISTÓVÃO', 74, 76),
(52, '2022-02-04 22:48:05', 'ROTA 17 - ANJO DA GUARDA', 74, 77),
(53, '2022-02-04 22:48:05', 'ROTA 18 - RENASCENÇA', 74, 78),
(54, '2022-02-04 22:48:05', 'ROTA 19 - TURU ', 74, 79),
(55, '2022-02-04 22:48:05', 'ROTA 20 - OLHO DÁGUA', 74, 80),
(56, '2022-02-04 22:48:05', 'ROTA 50 - CANTINHO DO CÉU ', 74, 81),
(57, '2022-02-04 22:48:05', 'ROTA 51 - DIVINÉIA', 74, 82),
(58, '2022-02-04 22:48:05', 'ROTA 52 - CENTRO', 74, 83),
(59, '2022-02-04 22:48:05', 'ROTA 53 - VILA EMBRATEL', 74, 84),
(60, '2022-02-04 22:48:05', 'ROTA 54 - TIRIRICAL', 74, 85),
(61, '2022-02-04 22:48:05', 'ROTA 55 - PONTA DA AREIA', 74, 86),
(62, '2022-02-04 22:48:05', 'ROTA 56 - FORQUILHA', 74, 87),
(63, '2022-02-04 22:48:05', 'ROTA 57 - CIDADE OLÍMPICA', 74, 88),
(64, '2022-02-04 22:48:05', 'ROTA 58 - SÃO JOSÉ DE RIBAMAR', 74, 89),
(66, '2022-02-22 16:44:38', 'ROTA 500 - ARLEAN', 74, 90),
(67, '2022-02-22 16:45:10', 'ROTA 501 - ANTONIO JOSE', 74, 91),
(68, '2022-02-22 16:45:32', 'ROTA 502 - JOSÉ CARLOS', 74, 92),
(69, '2022-02-22 16:50:13', 'ROTA 503 - GILMAR', 74, 93),
(70, '2022-02-22 16:52:44', 'ROTA 504 - VITAL', 74, 94),
(71, '2022-02-22 16:54:20', 'ROTA 505 - EDSON', 74, 95),
(72, '2022-02-22 16:55:02', 'ROTA 506 - ROBERTO', 74, 96),
(73, '2022-02-22 16:55:43', 'ROTA 507 - ANTONIO JOSE', 74, 97),
(74, '2022-02-22 16:58:44', 'ROTA 508 - DENILSON COSTA', 74, 98),
(75, '2022-02-22 16:59:23', 'ROTA 509 - NATAN', 74, 99),
(76, '2022-02-22 17:00:34', 'ROTA 510 - MARTINS', 74, 100),
(77, '2022-02-22 17:03:01', 'ROTA 511 - CLAUDENILSON', 74, 101),
(78, '2022-02-22 17:04:51', 'ROTA 512 - CARLINHOS', 74, 102),
(79, '2022-02-22 17:07:41', 'ROTA 513 - SERGIO', 74, 103),
(80, '2022-02-22 17:09:52', 'ROTA 514 - MAURO', 74, 104),
(81, '2022-02-22 17:11:06', 'ROTA 515 - WILLIAN', 74, 105),
(82, '2022-02-22 17:11:50', 'ROTA 516 - JAILSON', 74, 106),
(83, '2022-02-22 17:14:40', 'ROTA 517 - JORGE LUIS', 74, 107),
(84, '2022-02-22 17:15:37', 'ROTA 518 - CLODOALDO', 74, 108),
(85, '2022-02-22 17:17:31', 'ROTA 519 - ARAÇAGI - MARCOS FONSECA', 74, 109),
(86, '2022-02-22 17:19:33', 'ROTA 520 - DELNILSON BRANDÃO', 74, 110),
(87, '2022-02-22 17:36:02', 'ROTA 21 - RIBAMAR', 74, 111),
(88, '2022-02-22 17:37:25', 'ROTA 22 - SHOPPING', 74, 112),
(89, '2022-02-22 17:40:46', 'ROTA 118 - itapecuru', 80, 113),
(90, '2022-02-22 17:41:40', 'rota 119 - chapadinha', 80, 114),
(91, '2022-02-22 17:43:59', 'ROTA 120 - tutóia', 80, 115);

-- --------------------------------------------------------

--
-- Estrutura da tabela `servicos`
--

CREATE TABLE `servicos` (
  `id` int(11) NOT NULL,
  `nome` varchar(45) DEFAULT NULL,
  `setores_id` int(11) NOT NULL
) ENGINE=InnoDB DEFAULT CHARSET=utf8mb4;

--
-- Extraindo dados da tabela `servicos`
--

INSERT INTO `servicos` (`id`, `nome`, `setores_id`) VALUES
(1, 'Pequenos volumes', 1),
(3, 'Boletos', 3),
(4, 'Cartões', 3),
(5, 'Grandes volumes', 1);

-- --------------------------------------------------------

--
-- Estrutura da tabela `setores`
--

CREATE TABLE `setores` (
  `id` int(11) NOT NULL,
  `nome` varchar(100) DEFAULT NULL
) ENGINE=InnoDB DEFAULT CHARSET=utf8mb4;

--
-- Extraindo dados da tabela `setores`
--

INSERT INTO `setores` (`id`, `nome`) VALUES
(1, 'E- commerce'),
(3, 'Editorial');

-- --------------------------------------------------------

--
-- Estrutura da tabela `tipo`
--

CREATE TABLE `tipo` (
  `id` int(11) NOT NULL,
  `nome` varchar(45) DEFAULT NULL
) ENGINE=InnoDB DEFAULT CHARSET=utf8mb4;

--
-- Extraindo dados da tabela `tipo`
--

INSERT INTO `tipo` (`id`, `nome`) VALUES
(1, 'RETORNO A GAIOLA'),
(2, 'BACK LOG');

-- --------------------------------------------------------

--
-- Estrutura da tabela `usuarios`
--

CREATE TABLE `usuarios` (
  `id` int(11) NOT NULL,
  `nome` varchar(255) NOT NULL,
  `email` varchar(255) NOT NULL,
  `senha` varchar(255) NOT NULL,
  `cargos_id` int(11) NOT NULL,
  `acessos_id` int(11) NOT NULL
) ENGINE=InnoDB DEFAULT CHARSET=utf8;

--
-- Extraindo dados da tabela `usuarios`
--

INSERT INTO `usuarios` (`id`, `nome`, `email`, `senha`, `cargos_id`, `acessos_id`) VALUES
(4, 'admin', 'admin@eneylton.com', '$2y$10$JZR7X2ZpplGhF4dtchAhJedF/Y0/4ynAOd8VBlR4ehJfLOKHX4mLG', 1, 1),
(7, 'ene', 'eneylton@hotmail.com', '$2y$10$JZR7X2ZpplGhF4dtchAhJedF/Y0/4ynAOd8VBlR4ehJfLOKHX4mLG', 1, 2),
(13, 'enexs', 'enex@gmail.com.br', '202cb962ac59075b964b07152d234b70', 1, 3);

-- --------------------------------------------------------

--
-- Estrutura da tabela `veiculos`
--

CREATE TABLE `veiculos` (
  `id` int(11) NOT NULL,
  `nome` varchar(45) DEFAULT NULL
) ENGINE=InnoDB DEFAULT CHARSET=utf8mb4;

--
-- Extraindo dados da tabela `veiculos`
--

INSERT INTO `veiculos` (`id`, `nome`) VALUES
(1, 'MOTO'),
(2, 'CARRO'),
(3, 'CAMINHÃO'),
(5, 'BIKE');

--
-- Índices para tabelas despejadas
--

--
-- Índices para tabela `acessos`
--
ALTER TABLE `acessos`
  ADD PRIMARY KEY (`id`);

--
-- Índices para tabela `backlog`
--
ALTER TABLE `backlog`
  ADD PRIMARY KEY (`id`),
  ADD KEY `fk_retorno_ocorrencias1_idx1` (`ocorrencias_id`),
  ADD KEY `fk_retorno_entregadores1_idx1` (`entregadores_id`),
  ADD KEY `fk_retorno_tipo1_idx1` (`tipo_id`),
  ADD KEY `fk_backlog_producao1_idx` (`producao_id`);

--
-- Índices para tabela `cargos`
--
ALTER TABLE `cargos`
  ADD PRIMARY KEY (`id`);

--
-- Índices para tabela `clientes`
--
ALTER TABLE `clientes`
  ADD PRIMARY KEY (`id`),
  ADD KEY `fk_clientes_usuarios1_idx` (`usuarios_id`),
  ADD KEY `fk_clientes_setores1_idx` (`setores_id`);

--
-- Índices para tabela `devolucao`
--
ALTER TABLE `devolucao`
  ADD PRIMARY KEY (`id`),
  ADD KEY `fk_devolucao_entregadores1_idx` (`entregadores_id`),
  ADD KEY `fk_devolucao_producao1_idx` (`producao_id`),
  ADD KEY `fk_devolucao_ocorrencias1_idx` (`ocorrencias_id`);

--
-- Índices para tabela `entrega`
--
ALTER TABLE `entrega`
  ADD PRIMARY KEY (`id`),
  ADD KEY `fk_entrega_producao1_idx` (`producao_id`),
  ADD KEY `fk_entrega_entregadores1_idx` (`entregadores_id`);

--
-- Índices para tabela `entregadores`
--
ALTER TABLE `entregadores`
  ADD PRIMARY KEY (`id`),
  ADD KEY `fk_entregadores_usuarios1_idx` (`usuarios_id`),
  ADD KEY `fk_entregadores_forma_pagamento1_idx` (`forma_pagamento_id`),
  ADD KEY `fk_entregadores_veiculos1_idx` (`veiculos_id`),
  ADD KEY `fk_entregadores_regioes1_idx` (`regioes_id`);

--
-- Índices para tabela `entregador_servicos`
--
ALTER TABLE `entregador_servicos`
  ADD PRIMARY KEY (`id`),
  ADD KEY `fk_entregador_servicos_entregadores1_idx` (`entregadores_id`),
  ADD KEY `fk_entregador_servicos_servicos1_idx` (`servicos_id`);

--
-- Índices para tabela `entregador_setores`
--
ALTER TABLE `entregador_setores`
  ADD PRIMARY KEY (`id`),
  ADD KEY `fk_entregador_setores_entregadores1_idx` (`entregadores_id`),
  ADD KEY `fk_entregador_setores_setores1_idx` (`setores_id`);

--
-- Índices para tabela `forma_pagamento`
--
ALTER TABLE `forma_pagamento`
  ADD PRIMARY KEY (`id`);

--
-- Índices para tabela `gaiolas`
--
ALTER TABLE `gaiolas`
  ADD PRIMARY KEY (`id`);

--
-- Índices para tabela `ocorrencias`
--
ALTER TABLE `ocorrencias`
  ADD PRIMARY KEY (`id`);

--
-- Índices para tabela `producao`
--
ALTER TABLE `producao`
  ADD PRIMARY KEY (`id`),
  ADD KEY `fk_producao_entregadores1_idx` (`entregadores_id`),
  ADD KEY `fk_producao_receber1_idx` (`receber_id`),
  ADD KEY `fk_producao_regioes1_idx` (`regioes_id`),
  ADD KEY `fk_producao_usuarios1_idx` (`usuarios_id`);

--
-- Índices para tabela `receber`
--
ALTER TABLE `receber`
  ADD PRIMARY KEY (`id`),
  ADD KEY `fk_receber_clientes1_idx` (`clientes_id`),
  ADD KEY `fk_receber_gaiolas1_idx` (`gaiolas_id`),
  ADD KEY `fk_receber_setores1_idx` (`setores_id`),
  ADD KEY `fk_receber_servicos1_idx` (`servicos_id`),
  ADD KEY `fk_receber_usuarios1_idx` (`usuarios_id`);

--
-- Índices para tabela `regioes`
--
ALTER TABLE `regioes`
  ADD PRIMARY KEY (`id`);

--
-- Índices para tabela `retorno`
--
ALTER TABLE `retorno`
  ADD PRIMARY KEY (`id`),
  ADD KEY `fk_retorno_ocorrencias1_idx1` (`ocorrencias_id`),
  ADD KEY `fk_retorno_producao1_idx` (`producao_id`),
  ADD KEY `fk_retorno_entregadores1_idx1` (`entregadores_id`),
  ADD KEY `fk_retorno_tipo1_idx1` (`tipo_id`);

--
-- Índices para tabela `retorno_gaiola`
--
ALTER TABLE `retorno_gaiola`
  ADD PRIMARY KEY (`id`),
  ADD KEY `fk_retorno_ocorrencias1_idx1` (`ocorrencias_id`),
  ADD KEY `fk_retorno_entregadores1_idx1` (`entregadores_id`),
  ADD KEY `fk_retorno_tipo1_idx1` (`tipo_id`),
  ADD KEY `fk_retorno_gaiola_producao1_idx` (`producao_id`);

--
-- Índices para tabela `rotas`
--
ALTER TABLE `rotas`
  ADD PRIMARY KEY (`id`),
  ADD KEY `fk_rotas_regioes1_idx` (`regioes_id`),
  ADD KEY `fk_rotas_gaiolas1_idx` (`gaiolas_id`);

--
-- Índices para tabela `servicos`
--
ALTER TABLE `servicos`
  ADD PRIMARY KEY (`id`),
  ADD KEY `fk_servicos_setores1_idx` (`setores_id`);

--
-- Índices para tabela `setores`
--
ALTER TABLE `setores`
  ADD PRIMARY KEY (`id`);

--
-- Índices para tabela `tipo`
--
ALTER TABLE `tipo`
  ADD PRIMARY KEY (`id`);

--
-- Índices para tabela `usuarios`
--
ALTER TABLE `usuarios`
  ADD PRIMARY KEY (`id`),
  ADD KEY `fk_usuarios_cargos_idx` (`cargos_id`),
  ADD KEY `fk_usuarios_acessos1_idx` (`acessos_id`);

--
-- Índices para tabela `veiculos`
--
ALTER TABLE `veiculos`
  ADD PRIMARY KEY (`id`);

--
-- AUTO_INCREMENT de tabelas despejadas
--

--
-- AUTO_INCREMENT de tabela `acessos`
--
ALTER TABLE `acessos`
  MODIFY `id` int(11) NOT NULL AUTO_INCREMENT, AUTO_INCREMENT=10;

--
-- AUTO_INCREMENT de tabela `backlog`
--
ALTER TABLE `backlog`
  MODIFY `id` int(11) NOT NULL AUTO_INCREMENT, AUTO_INCREMENT=102;

--
-- AUTO_INCREMENT de tabela `cargos`
--
ALTER TABLE `cargos`
  MODIFY `id` int(11) NOT NULL AUTO_INCREMENT, AUTO_INCREMENT=12;

--
-- AUTO_INCREMENT de tabela `clientes`
--
ALTER TABLE `clientes`
  MODIFY `id` int(11) NOT NULL AUTO_INCREMENT, AUTO_INCREMENT=24;

--
-- AUTO_INCREMENT de tabela `devolucao`
--
ALTER TABLE `devolucao`
  MODIFY `id` int(11) NOT NULL AUTO_INCREMENT, AUTO_INCREMENT=211;

--
-- AUTO_INCREMENT de tabela `entrega`
--
ALTER TABLE `entrega`
  MODIFY `id` int(11) NOT NULL AUTO_INCREMENT, AUTO_INCREMENT=1071;

--
-- AUTO_INCREMENT de tabela `entregadores`
--
ALTER TABLE `entregadores`
  MODIFY `id` int(11) NOT NULL AUTO_INCREMENT, AUTO_INCREMENT=171;

--
-- AUTO_INCREMENT de tabela `entregador_servicos`
--
ALTER TABLE `entregador_servicos`
  MODIFY `id` int(11) NOT NULL AUTO_INCREMENT, AUTO_INCREMENT=275;

--
-- AUTO_INCREMENT de tabela `entregador_setores`
--
ALTER TABLE `entregador_setores`
  MODIFY `id` int(11) NOT NULL AUTO_INCREMENT, AUTO_INCREMENT=165;

--
-- AUTO_INCREMENT de tabela `forma_pagamento`
--
ALTER TABLE `forma_pagamento`
  MODIFY `id` int(11) NOT NULL AUTO_INCREMENT, AUTO_INCREMENT=6;

--
-- AUTO_INCREMENT de tabela `gaiolas`
--
ALTER TABLE `gaiolas`
  MODIFY `id` int(11) NOT NULL AUTO_INCREMENT, AUTO_INCREMENT=116;

--
-- AUTO_INCREMENT de tabela `ocorrencias`
--
ALTER TABLE `ocorrencias`
  MODIFY `id` int(11) NOT NULL AUTO_INCREMENT, AUTO_INCREMENT=7;

--
-- AUTO_INCREMENT de tabela `producao`
--
ALTER TABLE `producao`
  MODIFY `id` int(11) NOT NULL AUTO_INCREMENT, AUTO_INCREMENT=1071;

--
-- AUTO_INCREMENT de tabela `receber`
--
ALTER TABLE `receber`
  MODIFY `id` int(11) NOT NULL AUTO_INCREMENT, AUTO_INCREMENT=1150;

--
-- AUTO_INCREMENT de tabela `regioes`
--
ALTER TABLE `regioes`
  MODIFY `id` int(11) NOT NULL AUTO_INCREMENT, AUTO_INCREMENT=82;

--
-- AUTO_INCREMENT de tabela `retorno`
--
ALTER TABLE `retorno`
  MODIFY `id` int(11) NOT NULL AUTO_INCREMENT, AUTO_INCREMENT=202;

--
-- AUTO_INCREMENT de tabela `retorno_gaiola`
--
ALTER TABLE `retorno_gaiola`
  MODIFY `id` int(11) NOT NULL AUTO_INCREMENT, AUTO_INCREMENT=136;

--
-- AUTO_INCREMENT de tabela `rotas`
--
ALTER TABLE `rotas`
  MODIFY `id` int(11) NOT NULL AUTO_INCREMENT, AUTO_INCREMENT=92;

--
-- AUTO_INCREMENT de tabela `servicos`
--
ALTER TABLE `servicos`
  MODIFY `id` int(11) NOT NULL AUTO_INCREMENT, AUTO_INCREMENT=6;

--
-- AUTO_INCREMENT de tabela `setores`
--
ALTER TABLE `setores`
  MODIFY `id` int(11) NOT NULL AUTO_INCREMENT, AUTO_INCREMENT=6;

--
-- AUTO_INCREMENT de tabela `tipo`
--
ALTER TABLE `tipo`
  MODIFY `id` int(11) NOT NULL AUTO_INCREMENT, AUTO_INCREMENT=3;

--
-- AUTO_INCREMENT de tabela `usuarios`
--
ALTER TABLE `usuarios`
  MODIFY `id` int(11) NOT NULL AUTO_INCREMENT, AUTO_INCREMENT=14;

--
-- AUTO_INCREMENT de tabela `veiculos`
--
ALTER TABLE `veiculos`
  MODIFY `id` int(11) NOT NULL AUTO_INCREMENT, AUTO_INCREMENT=6;

--
-- Restrições para despejos de tabelas
--

--
-- Limitadores para a tabela `backlog`
--
ALTER TABLE `backlog`
  ADD CONSTRAINT `fk_backlog_producao1` FOREIGN KEY (`producao_id`) REFERENCES `producao` (`id`) ON DELETE CASCADE,
  ADD CONSTRAINT `fk_retorno_entregadores10` FOREIGN KEY (`entregadores_id`) REFERENCES `entregadores` (`id`) ON DELETE CASCADE,
  ADD CONSTRAINT `fk_retorno_ocorrencias10` FOREIGN KEY (`ocorrencias_id`) REFERENCES `ocorrencias` (`id`) ON DELETE CASCADE,
  ADD CONSTRAINT `fk_retorno_tipo10` FOREIGN KEY (`tipo_id`) REFERENCES `tipo` (`id`) ON DELETE CASCADE;

--
-- Limitadores para a tabela `clientes`
--
ALTER TABLE `clientes`
  ADD CONSTRAINT `fk_clientes_setores1` FOREIGN KEY (`setores_id`) REFERENCES `setores` (`id`),
  ADD CONSTRAINT `fk_clientes_usuarios1` FOREIGN KEY (`usuarios_id`) REFERENCES `usuarios` (`id`);

--
-- Limitadores para a tabela `devolucao`
--
ALTER TABLE `devolucao`
  ADD CONSTRAINT `fk_devolucao_entregadores1` FOREIGN KEY (`entregadores_id`) REFERENCES `entregadores` (`id`) ON DELETE CASCADE,
  ADD CONSTRAINT `fk_devolucao_ocorrencias1` FOREIGN KEY (`ocorrencias_id`) REFERENCES `ocorrencias` (`id`) ON DELETE CASCADE,
  ADD CONSTRAINT `fk_devolucao_producao1` FOREIGN KEY (`producao_id`) REFERENCES `producao` (`id`) ON DELETE CASCADE;

--
-- Limitadores para a tabela `entregadores`
--
ALTER TABLE `entregadores`
  ADD CONSTRAINT `fk_entregadores_forma_pagamento1` FOREIGN KEY (`forma_pagamento_id`) REFERENCES `forma_pagamento` (`id`),
  ADD CONSTRAINT `fk_entregadores_regioes1` FOREIGN KEY (`regioes_id`) REFERENCES `regioes` (`id`),
  ADD CONSTRAINT `fk_entregadores_usuarios1` FOREIGN KEY (`usuarios_id`) REFERENCES `usuarios` (`id`),
  ADD CONSTRAINT `fk_entregadores_veiculos1` FOREIGN KEY (`veiculos_id`) REFERENCES `veiculos` (`id`);

--
-- Limitadores para a tabela `entregador_servicos`
--
ALTER TABLE `entregador_servicos`
  ADD CONSTRAINT `fk_entregador_servicos_entregadores1` FOREIGN KEY (`entregadores_id`) REFERENCES `entregadores` (`id`) ON DELETE CASCADE,
  ADD CONSTRAINT `fk_entregador_servicos_servicos1` FOREIGN KEY (`servicos_id`) REFERENCES `servicos` (`id`) ON DELETE CASCADE;

--
-- Limitadores para a tabela `entregador_setores`
--
ALTER TABLE `entregador_setores`
  ADD CONSTRAINT `fk_entregador_setores_entregadores1` FOREIGN KEY (`entregadores_id`) REFERENCES `entregadores` (`id`) ON DELETE CASCADE,
  ADD CONSTRAINT `fk_entregador_setores_setores1` FOREIGN KEY (`setores_id`) REFERENCES `setores` (`id`) ON DELETE CASCADE;

--
-- Limitadores para a tabela `producao`
--
ALTER TABLE `producao`
  ADD CONSTRAINT `fk_producao_entregadores1` FOREIGN KEY (`entregadores_id`) REFERENCES `entregadores` (`id`) ON DELETE CASCADE,
  ADD CONSTRAINT `fk_producao_receber1` FOREIGN KEY (`receber_id`) REFERENCES `receber` (`id`) ON DELETE CASCADE,
  ADD CONSTRAINT `fk_producao_regioes1` FOREIGN KEY (`regioes_id`) REFERENCES `regioes` (`id`),
  ADD CONSTRAINT `fk_producao_usuarios1` FOREIGN KEY (`usuarios_id`) REFERENCES `usuarios` (`id`) ON DELETE NO ACTION ON UPDATE NO ACTION;

--
-- Limitadores para a tabela `receber`
--
ALTER TABLE `receber`
  ADD CONSTRAINT `fk_receber_clientes1` FOREIGN KEY (`clientes_id`) REFERENCES `clientes` (`id`) ON DELETE CASCADE,
  ADD CONSTRAINT `fk_receber_gaiolas1` FOREIGN KEY (`gaiolas_id`) REFERENCES `gaiolas` (`id`),
  ADD CONSTRAINT `fk_receber_servicos1` FOREIGN KEY (`servicos_id`) REFERENCES `servicos` (`id`),
  ADD CONSTRAINT `fk_receber_setores1` FOREIGN KEY (`setores_id`) REFERENCES `setores` (`id`),
  ADD CONSTRAINT `fk_receber_usuarios1` FOREIGN KEY (`usuarios_id`) REFERENCES `usuarios` (`id`) ON DELETE NO ACTION ON UPDATE NO ACTION;

--
-- Limitadores para a tabela `retorno`
--
ALTER TABLE `retorno`
  ADD CONSTRAINT `fk_retorno_entregadores1` FOREIGN KEY (`entregadores_id`) REFERENCES `entregadores` (`id`) ON DELETE CASCADE,
  ADD CONSTRAINT `fk_retorno_ocorrencias1` FOREIGN KEY (`ocorrencias_id`) REFERENCES `ocorrencias` (`id`) ON DELETE CASCADE,
  ADD CONSTRAINT `fk_retorno_producao1` FOREIGN KEY (`producao_id`) REFERENCES `producao` (`id`) ON DELETE CASCADE,
  ADD CONSTRAINT `fk_retorno_tipo1` FOREIGN KEY (`tipo_id`) REFERENCES `tipo` (`id`) ON DELETE CASCADE;

--
-- Limitadores para a tabela `retorno_gaiola`
--
ALTER TABLE `retorno_gaiola`
  ADD CONSTRAINT `fk_retorno_entregadores100` FOREIGN KEY (`entregadores_id`) REFERENCES `entregadores` (`id`) ON DELETE CASCADE,
  ADD CONSTRAINT `fk_retorno_gaiola_producao1` FOREIGN KEY (`producao_id`) REFERENCES `producao` (`id`) ON DELETE CASCADE,
  ADD CONSTRAINT `fk_retorno_ocorrencias100` FOREIGN KEY (`ocorrencias_id`) REFERENCES `ocorrencias` (`id`) ON DELETE CASCADE,
  ADD CONSTRAINT `fk_retorno_tipo100` FOREIGN KEY (`tipo_id`) REFERENCES `tipo` (`id`) ON DELETE CASCADE;

--
-- Limitadores para a tabela `rotas`
--
ALTER TABLE `rotas`
  ADD CONSTRAINT `fk_rotas_gaiolas1` FOREIGN KEY (`gaiolas_id`) REFERENCES `gaiolas` (`id`),
  ADD CONSTRAINT `fk_rotas_regioes1` FOREIGN KEY (`regioes_id`) REFERENCES `regioes` (`id`) ON DELETE CASCADE;

--
-- Limitadores para a tabela `servicos`
--
ALTER TABLE `servicos`
  ADD CONSTRAINT `fk_servicos_setores1` FOREIGN KEY (`setores_id`) REFERENCES `setores` (`id`);

--
-- Limitadores para a tabela `usuarios`
--
ALTER TABLE `usuarios`
  ADD CONSTRAINT `fk_usuarios_acessos1` FOREIGN KEY (`acessos_id`) REFERENCES `acessos` (`id`),
  ADD CONSTRAINT `fk_usuarios_cargos` FOREIGN KEY (`cargos_id`) REFERENCES `cargos` (`id`);
COMMIT;

/*!40101 SET CHARACTER_SET_CLIENT=@OLD_CHARACTER_SET_CLIENT */;
/*!40101 SET CHARACTER_SET_RESULTS=@OLD_CHARACTER_SET_RESULTS */;
/*!40101 SET COLLATION_CONNECTION=@OLD_COLLATION_CONNECTION */;
